Nº;Ambiente;Entidade / Órgão Proponente;Município;Área Temática / Conhecimento;Ano;;;
1;ACELERADORA HABITAT SENAI;SENAI CAMPUS DA INDÚSTRIA;CURITIBA;Aceleradora;2023;;;
2;EVOA ACELERADORA;EVOA SISCOOB;MARINGÁ;Aceleradora;2023;;;
3;3C LAB;3C PLUS TI;GUARAPUAVA;Aceleradora;2024;;;
4;ACELERADORA ASSESPRO PARANÁ;ASSOCIAÇÃO DAS EMPRESAS BRASILEIRAS DE TECNOLOGIA DA INFORMAÇÃO-ASSESPRO PARANÁ;CAMPO MOURÃO;Aceleradora;2024;;;
5;ACELERADORA CTUP;ASSOCIAÇÃO CILLA TECH PARK;GUARAPUAVA;Aceleradora;2024;;;
6;ACELERADORA FUNDAÇÃO EDUCERE;FUNDAÇÃO EDUCERE DE CAMPO MOURÃO;CAMPO MOURÃO;Aceleradora;2024;;;
7;ACICLABS;ASSOCIAÇÃO COMERCIAL E INDUSTRIAL DE CASCAVEL;CASCAVEL;Aceleradora;2024;;;
8;HUB BRASIL DE SOLUÇÕES PARA GOVERNO;AVALIANDO BRASIL;MARINGÁ;Aceleradora;2024;;;
9;INCUBADORA ACELERADORA INTECCID;PREFEITURA MUNICIPAL DE UMUARAMA;UMUARAMA;Aceleradora;2024;;;
10;INSTITUTO LEGADO DE EMPREENDEDORISMO SOCIAL;INSTITUTO LEGADO DE EMPREENDEDORISMO SOCIAL;CURITIBA;Aceleradora;2024;;;
11;REGINA VENTURES: ACELERADORA NO PARANÁ;REGNA VENTURES;CASCAVEL;Aceleradora;2024;;;
12;VENTIUR INVESTIMENTOS EM NOVOS NEGÓCIOS S.A.;VENTIUR INVESTIMENTOS EM NOVOS NEGÓCIOS S.A.;CURITIBA;Aceleradora;2024;;;
13;AGÊNCIA DE INOVAÇÃO DA UNIOESTE;UNIOESTE;CASCAVEL;Agência de Inovação/NIT;2023;;;
14;AGÊNCIA DE INOVAÇÃO DA UNIVERSIDADE FEDERAL DO PARANÁ;UNIVERSIDADE FEDERAL DO PARANÁ;CURITIBA;Agência de Inovação/NIT;2023;;;
15;AGÊNCIA DE INOVAÇÃO DA UTFPR;UTFPR;CURITIBA;Agência de Inovação/NIT;2023;;;
16;AGÊNCIA DE INOVAÇÃO DE MORRETES;PREFEITURA MUNICIPAL;MORRETES;Agência de Inovação/NIT;2023;;;
17;AGÊNCIA DE INOVAÇÃO E TRANSFORMAÇÃO DIGITAL DO VALE DO SOL;PRFEITURA MUNICIPAL;ASSAÍ;Agência de Inovação/NIT;2023;;;
18;AGÊNCIA DE INOVAÇÃO/ AGITEC;UNESPAR CAMPUS CAMPO MOURAO;CAMPO MOURÃO;Agência de Inovação/NIT;2023;;;
19;AGEUNI / UENP;AGÊNCIA DE DESENVOLVIMENTO REGIONAL SUSTENTÁVEL E DE INOVAÇÃO;JACAREZINHO;Agência de Inovação/NIT;2023;;;
20;AGIPI/UEPG;UNIVERSIDADE ESTADUAL DE PONTA GROSSA;PONTA GROSSA;Agência de Inovação/NIT;2023;;;
21;AGITEC UNESPAR;UNESPAR;PARANAGUÁ;Agência de Inovação/NIT;2023;;;
22;AGITEC UNESPAR - APUCARANA;UNESPAR;APUCARANA;Agência de Inovação/NIT;2023;;;
23;AGITEC UNESPAR CURITIBA;UNESPAR;CURITIBA;Agência de Inovação/NIT;2023;;;
24;AGITEC UNESPAR PARANAVAÍ;UNESPAR;PARANAVAÍ;Agência de Inovação/NIT;2023;;;
25;AGITEC UNESPAR UNIÃO DA VITÓRIA;UNESPAR;UNIÃO DA VITÓRIA;Agência de Inovação/NIT;2023;;;
26;AGÊNCIA DE INOVAÇÃO UEL - AINTEC;UNIVERSIDADE ESTADUAL DE LONDRINA;LONDRINA;Agência de Inovação/NIT;2023;;;
27;DIRETORIA DE PESQUISA E INOVAÇÃO (DPI);IDR PARANA;CURITIBA;Agência de Inovação/NIT;2023;;;
28;NÚCLEO DE INOVAÇÃO TECNOLÓGICA DA UNIVERSIDADE ESTADUAL DE MARINGÁ NIT - UEM;UNIVERSIDADE ESTADUAL DE MARINGÁ;MARINGÁ;Agência de Inovação/NIT;2023;;;
29;INOVA MANOEL RIBAS;PREFEITURA MUNICIPAL;MANOEL RIBAS;Agência de Inovação/NIT;2023;;;
30;"INSTITUTO INTEGRADO DE CIENCIA E TECNOLOGIA -
IN2";CENTRO EDUCACIONAL INTEGRADO;CAMPO MOURÃO;Agência de Inovação/NIT;2023;;;
31;NIT - CENTRO UNIVERSITÁRIO CAMPO REAL;"COMPLEXO DE ENSINO SUPERIOR CAMPO REAL
LTDA-CAMPO REAL";GUARAPUAVA;Agência de Inovação/NIT;2023;;;
32;NIT AITEC/UENP;UENP;BANDEIRANTES;Agência de Inovação/NIT;2023;;;
33;NIT PUCPR;PONTIFÍCIA UNIVERSIDADE CATÓLICA PUC/PR;CURITIBA;Agência de Inovação/NIT;2023;;;
34;NOVATEC UNICENTRO;UNICENTRO;GUARAPUAVA;Agência de Inovação/NIT;2023;;;
35;NUCLEO DE INOVAÇÃO TECNOLÓGICA DO IFPR;IFPR CAMPUS UNIÃO DA VITORIA;UNIÃO DA VITORIA;Agência de Inovação/NIT;2023;;;
36;AGÊNCIA DE INOVAÇÃO IFPR;INSTITUTO FEDERAL DO PARANÁ - IFPR;CURITIBA;Agência de Inovação/NIT;2024;;;
37;ASSESSORIA DE NOVOS NEGÓCIOS E INOVAÇÃO – FIOCRUZ PARANÁ;INSTITUTO CARLOS CHAGAS - FIOCRUZ PARANÁ;CURITIBA;Agência de Inovação/NIT;2024;;;
38;CENTRO DE PESQUISA DA UNIVERSIDADE POSITIVO;CENTRO DE PESQUISA DA UNIVERSIDADE POSITIVO CPUP;CURITIBA;Agência de Inovação/NIT;2024;;;
39;NÚCLEO DE INOVAÇÃO E TECNOLOGIA (NIT) DO IFPR - CAMPUS ASTORGA;INSTITUTO FEDERAL DO PARANÁ - CAMPUS ASTORGA;ASTORGA;Agência de Inovação/NIT;2024;;;
40;NÚCLEO DE INOVAÇÃO TECNOLÓGICA (NIT) DO IFPR CAMPUS IVAIPORÃ;INSTITUTO FEDERAL DO PARANÁ - CAMPUS IVAIPORÃ;IVAIPORÃ;Agência de Inovação/NIT;2024;;;
41;NÚCLEO DE INOVAÇÃO TECNOLÓGICA DA UNIVERSIDADE DA INTEGRAÇÃO LATINO AMERICANA (NIT-UNILA);UNIVERSIDADE FEDERAL DA INTEGRAÇÃO LATINO-AMERICANA - UNILA;FOZ DO IGUAÇU;Agência de Inovação/NIT;2024;;;
42;NÚCLEO DE INOVAÇÃO TECNOLÓGICA DA UTFPR - CAMPUS APUCARANA;UNIVERSIDADE TECNOLÓGICA FEDERAL DO PARANÁ - CAMPUS APUCARANA;APUCARANA;Agência de Inovação/NIT;2024;;;
43;NÚCLEO DE INOVAÇÃO TECNOLÓGICA DO IFPR - CAMPUS JACAREZINHO;INSTITUTO FEDERAL DO PARANÁ - CAMPUS JACAREZINHO;JACAREZINHO;Agência de Inovação/NIT;2024;;;
44;NÚCLEO DE INOVAÇÃO TECNOLÓGICA DO IFPR ASSIS CHATEAUBRIAND;INSTITUTO FEDERAL DO PARANÁ - CAMPUS ASSIS CHATEAUBRIAND;ASSIS CHATEUBRIAND;Agência de Inovação/NIT;2024;;;
45;NÚCLEO DE INOVAÇÃO TECNOLÓGICA DO IFPR CAMPUS PARANAVAÍ - NIT/CAMPUS PARANAVAÍ;INSTITUTO FEDERAL DO PARANÁ IFPR - CAMPUS PARANAVAÍ;PARANAVAÍ;Agência de Inovação/NIT;2024;;;
46;NÚCLEO DE INOVAÇÃO TECNOLÓGICA DO IFPR - CAMPUS PITANGA;INSTITUTO FEDERAL DO PARANÁ IFPR - CAMPUS PITANGA;PITANGA;Agência de Inovação/NIT;2024;;;
47;APRESENTAÇÃO ACCELERA;ACCELERA HUB LTDA;CURITIBA;Centro de inovação;2023;;;
48;CENTRO DE DESENVOLVIMENTO DE TECNOLOGIA E INOVAÇÃO LÚCIA LEVATTI GOMES - CDTI;CENTRO DE DESENVOLVIMENTO DE TECNOLOGIA E INOVAÇÃO LUCIA LEVATTI GOMES CDTI;SANTO ANTÔNIO DA PLATINA;Centro de inovação;2023;;;
49;CENTRO DE ECONOMIA APLICADA, COOPERAÇÃO E INOVAÇÃO NO AGRONEGÓCIO;UTFPR;CURITIBA;Centro de inovação;2023;;;
50;CENTRO DE INOVAÇÃO - INOVA ANHANGUERA;UNIVERSIDADE PITÁGORAS UNOPAR ANHANGUERA;LONDRINA;Centro de inovação;2023;;;
51;CENTRO DE INOVAÇÃO DE CAMPO MOURÃO;UTFPR CAMPUS CAMPO MOURÃO;CAMPO MOURÃO;Centro de inovação;2023;;;
52;CENTRO DE INOVAÇÃO DE CIANORTE;PREFEITURA MUNICIPAL;CIANORTE;Centro de inovação;2023;;;
53;CENTRO DE INOVAÇÃO DE MARINGÁ;CENTRO DE INOVAÇÃO DE MARINGÁ;MARINGÁ;Centro de inovação;2023;;;
54;CENTRO DE INOVAÇÃO DE MORRETES;PREFEITURA MUNICIPAL;MORRETES;Centro de inovação;2023;;;
55;CENTRO DE INOVAÇÃO DO CAMPUS DE PATO BRANCO DA UTFPR;UTFPR CAMPUS PATO BRANCO;PATO BRANCO;Centro de inovação;2023;;;
56;"CENTRO DE INOVAÇÃO DO MUNICÍPIO DE
MATINHOS";PREFEITURA MUNICIPAL;MATINHOS;Centro de inovação;2023;;;
57;CENTRO DE INOVAÇÃO E AGÊNCIA GUARÁ 3.0;PREFEITURA MUNICIPAL;GUARATUBA;Centro de inovação;2023;;;
58;CENTRO DE INOVAÇÃO E SUSTENTABILIDADE DO VALE DO SOL;PREFEITURA MUNICIPAL;ASSAÍ;Centro de inovação;2023;;;
59;CENTRO DE INOVAÇÃO E SUSTENTABILIDADE DO VALE DO SOL;PREFEITURA MUNICIPAL;ASSAÍ;Centro de inovação;2023;;;
60;"CENTRO DE INOVAÇÃO EM AGROTECNOLOGIA
CLM/UENP";UENP;BANDEIRANTES;Centro de inovação;2023;;;
61;CENTRO DE INOVAÇÃO KEPHA;"KEPHA MENTORIA DE PROJETOS TECNOLOGICOS
LTDA";DOIS VIZINHOS;Centro de inovação;2023;;;
62;CENTRO DE PESQUISA E INOVAÇÃO;UTFPR CAMPUS LONDRINA;LONDRINA;Centro de inovação;2023;;;
63;CIC - CENTRO DE INOVAÇÃO DO COMÉRCIO;SINCOVAL;LONDRINA;Centro de inovação;2023;;;
64;COCRIAGRO - HUB DE INOVAÇÃO;COCRIAGRO ASSESSORIA EMPRESARIAL;LONDRINA;Centro de inovação;2023;;;
65;ECOHUB - CENTRO DE INOVAÇÃO;UNIVERSIDADE  POSITIVO;CURITIBA;Centro de inovação;2023;;;
66;GRAPE TECH;PREFEITURA MUNICIPAL;COLOMBO;Centro de inovação;2023;;;
67;IBMP - INSTITUTO DE BIOLOGIA MOLECULAR DO PARANÁ - CENTRO DE INOVAÇÃO;IBMP;CURITIBA;Centro de inovação;2023;;;
68;INOVA RIO;PREFEITURA MUNICIPAL;RIO AZUL;Centro de inovação;2023;;;
69;"INSTITUTO SENAI DE TECNOLOGIA EM CELULOSE E
PAPEL";SENAI/PR;TELÊMACO BORBA;Centro de inovação;2023;;;
70;IST MM - INSTITUTO SENAI TECNOLOGIA METALMECANICA;FIEP/SENAI;MARINGÁ;Centro de inovação;2023;;;
71;PINHÃO HUB;PREFEITURA MUNICIPAL;CURITIBA;Centro de inovação;2023;;;
72;PLATAFORMA INTERNACIONAL INOVATECH;INNOVATECH - CENTRO DE INOVAÇÃO;ARAPONGAS;Centro de inovação;2023;;;
73;TECNOCENTRO;"COMPANHIA DE TECNOLOGIA E
DESENVOLVIMENTO SA";LONDRINA;Centro de inovação;2023;;;
74;UNIMED REGIONAL MARINGÁ;UNIMED;MARINGÁ;Centro de inovação;2023;;;
75;COMPLEXO HOSPITALAR DE CLÍNICAS EBSERH;UNIVERSIDADE FEDERAL DO PARANÁ;CURITIBA;Centro de Inovação;2023;;;
76;312 COWORKING AND OFFICES;312 COWORKING;PONTA GROSSA;Centro de Inovação;2024;;;
77;AGENCIA DE INOVAÇÃO E DESENVOLVIMENTO DE PONTA GROSSA;PREFEITURA MUNICIPAL DE PONTA GROSSA;PONTA GROSSA;Centro de Inovação;2024;;;
78;ATLAS ONFIRE;ATLAS ELETRODOMÉSTICOS;PATO BRANCO;Centro de Inovação;2024;;;
79;BIOPARK EDUCAÇÃO;ASSOCIAÇÃO DE ENSINO PESQUISA E EXTENSÃO BIOPARK;TOLEDO;Centro de Inovação;2024;;;
80;CENIOR - CENTRO DE INOVAÇÃO UNIPAR E FUNDAÇÃO CANDIDO GARCIA;FUNDAÇÃO CANDIDO GARCIA - FUNCANDIDO;UMUARAMA;Centro de Inovação;2024;;;
81;CENTRO DE GESTÃO E INOVAÇÃO ACITEL;ASSOCIAÇÃO COMERCIAL E EMPRESARIAL DE TELÊMACO BORBA - ACITEL;TELÊMACO BORBA;Centro de Inovação;2024;;;
83;CENTRO DE INOVAÇÃO CAMPO REAL - CAMPUS GUARAPUAVA;REAL IPEX - INSTITUTO DE PESQUISA E EXTENSÃO CAMPO REAL;GUARAPUAVA;Centro de Inovação;2024;;;
85;CENTRO DE INOVAÇÃO DA CONFECÇÃO DE APUCARANA;SIVALE - SINDICATO DAS INDÚSTRIAS DO VESTUÁRIO DE APUCARANA E VALE DO IVAÍ;APUCARANA;Centro de Inovação;2024;;;
86;CENTRO DE INOVAÇÃO DA UTFPR - CAMPUS GUARAPUAVA;UTFPR - GUARAPUAVA;GUARAPUAVA;Centro de Inovação;2024;;;
88;CENTRO DE INOVAÇÃO DO INSTITUTO SYNAPSE;INSTITUTO SYNAPSE;CURITIBA;Centro de Inovação;2024;;;
89;CENTRO DE INOVAÇÃO DO TI-PARANÁ;SINDICATO DA INDUSTRIA DE TECNOLOGIA DA INFORMACAO DO PARANÁ - TI PARANÁ;LONDRINA;Centro de Inovação;2024;;;
90;CENTRO DE INOVAÇÃO EM CIÊNCIA E TECNOLOGIA DE PALOTINA - CICT;UNIVERSIDADE FEDERAL DO PARANÁ;PALOTINA;Centro de Inovação;2024;;;
91;CENTRO DE INOVAÇÃO EM MATERIAIS E TECNOLOGIAS RENOVÁVEIS - REMATECH;UTFPR;CURITIBA;Centro de Inovação;2024;;;
92;CENTRO DE INOVAÇÃO EM MEIO AMBIENTE E QUÍMICA;SENAI PR;CURITIBA;Centro de Inovação;2024;;;
93;CENTRO DE INOVAÇÃO INOVAMANÉ;PREFEITURA MUNICIPAL DE SÃO MANOEL DO PARANÁ;SÃO MANOEL DO PARANÁ;Centro de Inovação;2024;;;
94;CENTRO DE INOVAÇÃO PEDAGÓGICA, PESQUISA E DESENVOLVIMENTO DOS COLÉGIOS DA REDE POSITIVO – CIPP;POSITIVO EDUCACIONAL LTDA (CIPP);CURITIBA;Centro de Inovação;2024;;;
95;COCAMAR LABS;COCAMAR COOPERATIVA AGROINDUSTRIAL;MARINGÁ;Centro de Inovação;2024;;;
96;CONNECTORY CURITIBA;ROBERT BOSCH LIMITADA;CURITIBA;Centro de Inovação;2024;;;
97;ESTACÃO DE INOVAÇÃO HUB ONE;FUNDAÇÃO PARA O DESENVOLVIMENTO CIENTÍFICO E TECNOLÓGICO - FUNDETEC;CASCAVEL;Centro de Inovação;2024;;;
98;FILMAT OPEN LAB - DFIS UEL;UNIVERSIDADE ESTADUAL DE LONDRINA (UEL);LONDRINA;Centro de Inovação;2024;;;
99;HOSPITAL UNIVERSITÁRIO DA UNIVERSIDADE ESTADUAL DE LONDRINA;UNIVERSIDADE ESTADUAL DE LONDRINA;LONDRINA;Centro de Inovação;2024;;;
100;INCUBADORA E ACELERADORA DE STARTUPS INOVA - SÃO MATEUS DO SUL;MUNICÍPIO DE SÃO MATEUS DO SUL;SÃO MATEUS DO SUL;Centro de Inovação;2024;;;
101;INSTITUTO CARLOS CHAGAS (ICC) - FIOCRUZ PARANÁ;INSTITUTO CARLOS CHAGAS (ICC) - FIOCRUZ PARANÁ;CURITIBA;Centro de Inovação;2024;;;
102;INSTITUTO PARA PESQUISA DO CÂNCER DE GUARAPUAVA - IPEC;IPEC - INSTITUTO PARA PESQUISA DO CÂNCER DE GUARAPUAVA;GUARAPUAVA;Centro de Inovação;2024;;;
103;INSTITUTO SENAI DE INOVAÇÃO EM ELETROQUÍMICA;SERVIÇO NACIONAL DE APRENDIZAGEM INDUSTRIAL – SENAI - CAMPUS DA INDÚSTRIA;CURITIBA;Centro de Inovação;2024;;;
104;INSTITUTO SENAI DE INOVAÇÃO EM ENGENHARIA DE ESTRUTURAS (ISI-EE);SERVIÇO NACIONAL E APRENDIZAGEM INDUSTRIAL - SENAI;MARINGÁ;Centro de Inovação;2024;;;
105;INSTITUTO SENAI DE TECNOLOGIA EM CONSTRUÇÃO CIVIL;SENAI – PR;MARINGÁ;Centro de Inovação;2024;;;
106;INSTITUTO SENAI DE TECNOLOGIA EM MADEIRA E MOBILIÁRIO;SERVIÇO NACIONAL E APRENDIZAGEM INDUSTRIAL SENAI;ARAPONGAS;Centro de Inovação;2024;;;
107;INSTITUTO SENAI DE TECNOLOGIA EM PRODUTIVIDADE;SERVIÇO NACIONAL DE APRENDIZAGEM INDUSTRIAL - DEPARTAMENTO REGIONAL DO PARANÁ PR;CURITIBA;Centro de Inovação;2024;;;
108;LAB BUSINESS;INSTITUTO FILADÉLFIA E LONDRINA;LONDRINA;Centro de Inovação;2024;;;
109;LAGEAMB - LABORATÓRIO DE GEOPROCESSAMENTO E ESTUDOS AMBIENTAIS;UNIVERSIDADE FEDERAL DO PARANÁ (UFPR).;CURITIBA;Centro de Inovação;2024;;;
110;PARANÁ-HUB DE TECNOLOGIAS PARA TRANSIÇÃO ENERGÉTICA;UTFPR - PB;PATO BRANCO;Centro de Inovação;2024;;;
111;PRINT ESPAÇO MAKER DA UTFPR-GUARAPUAVA;UTFPR CAMPUS GUARAPUAVA;GUARAPUAVA;Espaço Maker;2023;;;
112;ARAUCÁRIA LAB;FELIPE SANTOS GOMES;ARAUCARIA;Espaço Maker;2023;;;
113;ECOHUB - ESPAÇO MAKER;CARLOS AUGUSTO FRANÇA VARGAS;CURITIBA;Espaço Maker;2023;;;
114;ESPAÇO MAKER;UNIOESTE;MARECHAL CANDIDO RONDON;Espaço Maker;2023;;;
115;ESPAÇO MAKER - CELEIRO DE INOVAÇÃO;CILLA TECH PARK;GUARAPUAVA;Espaço Maker;2023;;;
116;ESPAÇO MAKER - INOVA ANHANGUERA;UNIVERSIDADE PITÁGORAS UNOPAR ANHANGUERA;LONDRINA;Espaço Maker;2023;;;
117;ESPAÇO MAKER AGITEC UNESPAR;UNESPAR;PARANAGUÁ;Espaço Maker;2023;;;
118;"ESPAÇO MAKER CAPOCU SECRETARIA MUNICIPAL
DE EDUCAÇÃO";PREFEITURA MUNICIPAL;FAZENDA RIO GRANDE;Espaço Maker;2023;;;
119;ESPAÇO MAKER CLM;UENP;BANDEIRNTES;Espaço Maker;2023;;;
120;ESPAÇO MAKER DO PARQUE UNIVERSITÁRIO DE CIÊNCIA, CULTURA E INOVAÇÃO DA UENP;UENP;JACAREZINHO;Espaço Maker;2023;;;
121;"ESPAÇO MAKER UENP CAMPUS DE CORNÉLIO
PROCÓPIO";UENP;CORNÉLIO PROCÓPIO;Espaço Maker;2023;;;
122;ESPAÇO MAKER: INTEGRAÇÃO ENTRE UNIVERSIDADE E COMUNIDADE;UNIOESTE;CASCAVEL;Espaço Maker;2023;;;
123;ESPAÇO MAKERSPACE ESCOLA MUNICIPAL MAESTRO ROBERTO PEREIRA PANICO;APM DA ESCOLA MUNICIPAL MAESTRO ROBERTO PEREIRA PANICO;LONDRINA;Espaço Maker;2023;;;
124;ESPAÇO NANOMAKER UFPR JANDAIA DO SUL;UFPR - CAMPUS JANDAIA DO SUL;JANDAIA DO SUL;Espaço Maker;2023;;;
125;FAB LAB - PREFEITURA DE CURITIBA;PREFEITURA MUNICIPAL;CURITIBA;Espaço Maker;2023;;;
126;FAB.I HU NUCLEO DE FABRICAÇÃO DIGITAL E INOVAÇÃO DO HU;HOSPITAL UNIVERSITARIO - UEL;LONDRINA;Espaço Maker;2023;;;
127;FABLAB UTFPR-PB;UTFPRA CAMPUS PATO BRANCO;PATO BRANCO;Espaço Maker;2023;;;
128;FABTECH - ESPAÇO MAKER DO PARQUE CIENTÍFICO E TECNOLÓGICO DA UTFPR CAMPUS CURITIBA;UTFPR;CURITIBA;Espaço Maker;2023;;;
129;GAJAC - LABORATÓRIO MAKER DO IFPR CAMPUS JACAREZINHO;IFPR CAMPUS JACAREZINHO;JACAREZINHO;Espaço Maker;2023;;;
130;LAB - LABORATÓRIO DE IDEIAS DA PREFEITURA DE GUARAPUAVA;PREFEITURA MUNICIPAL;GUARAPUAVA;Espaço Maker;2023;;;
131;LAB MAKER IGUAÇU;FUNDAÇÃO PARQUE TECNOLÓGICO ITAIPU;FOZ DO IGUAÇU;Espaço Maker;2023;;;
132;ARBORETO MAKERS!;DIY COWORKING LTDA;CURITIBA;Espaço Maker;2024;;;
133;CENTRO DE CRIATIVIDADE DE PONTA GROSSA;MUNICÍPIO DE PONTA GROSSA;PONTA GROSSA;Espaço Maker;2024;;;
134;COLÉGIO ESTADUAL DE PATO BRANCO - CEPB;SECRETARIA DE ESTADO DA EDUCAÇÃO – SEED - COLÉGIO ESTADUAL DE PATO BRANCO (CEPB);PATO BRANCO;Espaço Maker;2024;;;
135;COLLAB - LABORATÓRIO COLABORATIVO MULTIUSUÁRIO DA UTFPR CAMPUS PONTA GROSSA;UNIVERSIDADE TECNOLÓGICA FEDERAL DO PARANÁ - UTFPR;PONTA GROSSA;Espaço Maker;2024;;;
136;ESCOLA DR. ROBERTO CUNHA E SILVA - LABORATÓRIO DE TECNOLOGIA EDUCACIONAL;PREFEITURA MUNICIPAL DE GUARAPUAVA;GUARAPUAVA;Espaço Maker;2024;;;
137;ESCOLA MUNICIPAL ABÍLIO FABRICIANO DE OLIVEIRA - LABORATÓRIO DE TECNOLOGIA EDUCACIONAL;PREFEITURA MUNICIPAL DE GUARAPUAVA;GUARAPUAVA;Espaço Maker;2024;;;
138;ESCOLA MUNICIPAL ALCINDO DE FRANÇA PACHECO - LABORATÓRIO DE TECNOLOGIA EDUCACIONAL;PREFEITURA MUNICIPAL DE GUARAPUAVA;GUARAPUAVA;Espaço Maker;2024;;;
139;ESCOLA MUNICIPAL ANTONIO LUSTOSA DE OLIVEIRA - LABORATÓRIO DE TECNOLOGIA EDUCACIONAL;PREFEITURA MUNICIPAL DE GUARAPUAVA;GUARAPUAVA;Espaço Maker;2024;;;
140;ESCOLA MUNICIPAL CAPITÃO WAGNER - LABORATÓRIO DE TECNOLOGIA EDUCACIONAL;PREFEITURA MUNICIPAL DE GUARAPUAVA;GUARAPUAVA;Espaço Maker;2024;;;
141;ESCOLA MUNICIPAL CAROLINA G. FRANCO - LABORATÓRIO DE TECNOLOGIA EDUCACIONAL;PREFEITURA MUNICIPAL DE GUARAPUAVA;GUARAPUAVA;Espaço Maker;2024;;;
142;ESCOLA MUNICIPAL DALILA HAENISCH TEIXEIRA - LABORATÓRIO DE TECNOLOGIA EDUCACIONAL;PREFEITURA MUNICIPAL DE GUARAPUAVA;GUARAPUAVA;Espaço Maker;2024;;;
143;ESCOLA MUNICIPAL DO CAMPO GENERAL EURICO GASPAR DUTRA. EDUCAÇÃO INFANTIL E ENSINO FUNDAMENTAL- LABORATÓRIO DE TECNOLOGIA EDUCACIONAL;PREFEITURA MUNICIPAL DE GUARAPUAVA;GUARAPUAVA;Espaço Maker;2024;;;
144;ESCOLA MUNICIPAL DO CAMPO LÍDIA SCHEIDT CURI - LABORATÓRIO DE TECNOLOGIA EDUCACIONAL;PREFEITURA MUNICIPAL DE GUARAPUAVA;GUARAPUAVA;Espaço Maker;2024;;;
145;ESCOLA MUNICIPAL DO CAMPO MANOEL MOREIRA DE CAMPOS - LABORATÓRIO DE TECNOLOGIA EDUCACIONAL.;PREFEITURA MUNICIPAL DE GUARAPUAVA;GUARAPUAVA;Espaço Maker;2024;;;
146;ESCOLA MUNICIPAL DO CAMPO PRINCESA ISABEL - LABORATÓRIO DE TECNOLOGIA EDUCACIONAL;PREFEITURA MUNICIPAL DE GUARAPUAVA;GUARAPUAVA;Espaço Maker;2024;;;
147;ESCOLA MUNICIPAL DO CAMPO PROFESSOR ARIEL JOSÉ PIRES - LABORATÓRIO DE TECNOLOGIA EDUCACIONAL;PREFEITURA MUNICIPAL DE GUARAPUAVA;GUARAPUAVA;Espaço Maker;2024;;;
148;ESCOLA MUNICIPAL DO CAMPO PROFESSOR MAACK - LABORATÓRIO DE TECNOLOGIA EDUCACIONAL;PREFEITURA MUNICIPAL DE GUARAPUAVA;GUARAPUAVA;Espaço Maker;2024;;;
149;ESCOLA MUNICIPAL DO CAMPO SOFIA HORST - LABORATÓRIO DE TECNOLOGIA EDUCACIONAL;PREFEITURA MUNICIPAL DE GUARAPUAVA;GUARAPUAVA;Espaço Maker;2024;;;
150;ESCOLA MUNICIPAL DOM BOSCO - LABORATÓRIO DE TECNOLOGIA EDUCACIONAL;PREFEITURA MUNICIPAL DE GUARAPUAVA;GUARAPUAVA;Espaço Maker;2024;;;
151;ESCOLA MUNICIPAL DOMINGOS SÁVIO - LABORATÓRIO DE TECNOLOGIA EDUCACIONAL;PREFEITURA MUNICIPAL DE GUARAPUAVA;GUARAPUAVA;Espaço Maker;2024;;;
152;ESCOLA MUNICIPAL ENOCH TAVARES - LABORATÓRIO DE TECNOLOGIA EDUCACIONAL;PREFEITURA MUNICIPAL DE GUARAPUAVA;GUARAPUAVA;Espaço Maker;2024;;;
153;ESCOLA MUNICIPAL FRANCISCO PEIXOTO DE LACERDA WERNECK - LABORATÓRIO DE TECNOLOGIA EDUCACIONAL;PREFEITURA MUNICIPAL DE GUARAPUAVA;GUARAPUAVA;Espaço Maker;2024;;;
154;ESCOLA MUNICIPAL GABRIEL HUGO RIOS LABORATÓRIO DE TECNOLOGIA EDUCACIONAL;PREFEITURA MUNICIPAL DE GUARAPUAVA;GUARAPUAVA;Espaço Maker;2024;;;
155;ESCOLA MUNICIPAL HILDEGARD BURJAN - LABORATÓRIO DE TECNOLOGIA EDUCACIONAL;PREFEITURA MUNICIPAL DE GUARAPUAVA;GUARAPUAVA;Espaço Maker;2024;;;
156;ESCOLA MUNICIPAL HIPÓLYTA NUNES DE OLIVEIRA LABORATÓRIO DE TECNOLOGIA EDUCACIONAL;PREFEITURA MUNICIPAL DE GUARAPUAVA;GUARAPUAVA;Espaço Maker;2024;;;
157;ESCOLA MUNICIPAL INÁ RIBAS CARLI - LABORATÓRIO DE TECNOLOGIA EDUCACIONAL;PREFEITURA MUNICIPAL DE GUARAPUAVA;GUARAPUAVA;Espaço Maker;2024;;;
158;ESCOLA MUNICIPAL IRENE GUIMARÃES PUPO - LABORATÓRIO DE TECNOLOGIA;PREFEITURA MUNICIPAL DE GUARAPUAVA;GUARAPUAVA;Espaço Maker;2024;;;
159;ESCOLA MUNICIPAL MARIA DE JESUS TAQUES - LABORATÓRIO DE TECNOLOGIA EDUCACIONAL;PREFEITURA MUNICIPAL DE GUARAPUAVA;GUARAPUAVA;Espaço Maker;2024;;;
160;ESCOLA MUNICIPAL PADRE ESTANISLAU CEBULA - LABORATÓRIO DE TECNOLOGIA EDUCACIONAL;PREFEITURA MUNICIPAL DE GUARAPUAVA;GUARAPUAVA;Espaço Maker;2024;;;
161;ESCOLA MUNICIPAL PROFESSOR CONRADO GONCALVES DE OLIVEIRA - LABORATÓRIO DE TECNOLOGIA EDUCACIONAL;PREFEITURA MUNICIPAL DE GUARAPUAVA;GUARAPUAVA;Espaço Maker;2024;;;
162;ESCOLA MUNICIPAL PROFESSOR DIONÍSIO KLOSTER SAMPAIO - EDUCAÇÃO INFANTIL E ENSINO FUNDAMENTAL - LABORATÓRIO DE TECNOLOGIA EDUCACIONAL;PREFEITURA MUNICIPAL DE GUARAPUAVA;GUARAPUAVA;Espaço Maker;2024;;;
163;ESCOLA MUNICIPAL PROFESSOR FRANCISCO CONTINI - LABORATÓRIO DE TECNOLOGIA EDUCACIONAL;PREFEITURA MUNICIPAL DE GUARAPUAVA;GUARAPUAVA;Espaço Maker;2024;;;
164;ESCOLA MUNICIPAL PROFESSOR PEDRO ITARARÉ - LABORATÓRIO DE TECNOLOGIA EDUCACIONAL;PREFEITURA MUNICIPAL DE GUARAPUAVA;GUARAPUAVA;Espaço Maker;2024;;;
165;ESCOLA MUNICIPAL PROFESSOR RUY VIRMOND MARQUES EDUCAÇÃO INFANTIL E ENSINO FUNDAMENTAL - LABORATÓRIO DE TECNOLOGIA EDUCACIONAL;PREFEITURA MUNICIPAL DE GUARAPUAVA;GUARAPUAVA;Espaço Maker;2024;;;
166;ESCOLA MUNICIPAL PROFESSORA BENEDITA DOS SANTOS - LABORATÓRIO DE TECNOLOGIA EDUCACIONAL;PREFEITURA MUNICIPAL DE GUARAPUAVA;GUARAPUAVA;Espaço Maker;2024;;;
167;ESCOLA MUNICIPAL PROFESSORA CARMEN TEIXEIRA CORDEIRO - LABORATÓRIO DE TECNOLOGIA EDUCACIONAL;PREFEITURA MUNICIPAL DE GUARAPUAVA;GUARAPUAVA;Espaço Maker;2024;;;
168;ESCOLA MUNICIPAL PROFESSORA DIRCE TEREZINHA JAEGER - EDUCAÇÃO INFANTIL E ENSINO FUNDAMENTAL - SALA DE TECNOLOGIA EDUCACIONAL;PREFEITURA MUNICIPAL DE GUARAPUAVA;GUARAPUAVA;Espaço Maker;2024;;;
169;ESCOLA MUNICIPAL PROFESSORA ELCÍDIA DE SANTA MARIA PEREIRA - LABORATÓRIO DE TECNOLOGIA EDUCACIONAL;PREFEITURA MUNICIPAL DE GUARAPUAVA;GUARAPUAVA;Espaço Maker;2024;;;
170;ESCOLA MUNICIPAL PROFESSORA JULIETA ANCIUTTI - LABORATÓRIO DE TECNOLOGIA EDUCACIONAL;PREFEITURA MUNICIPAL DE GUARAPUAVA;GUARAPUAVA;Espaço Maker;2024;;;
171;ESCOLA MUNICIPAL PROFESSORA LUIZA PAWLINA DO AMARAL - LABORATÓRIO DE TECNOLOGIA EDUCACIONAL;PREFEITURA MUNICIPAL DE GUARAPUAVA;GUARAPUAVA;Espaço Maker;2024;;;
172;ESCOLA MUNICIPAL PROFESSORA SILVANIRA ACYOLI LINS PENHA - LABORATÓRIO DE TECNOLOGIA EDUCACIONAL;PREFEITURA MUNICIPAL DE GUARAPUAVA;GUARAPUAVA;Espaço Maker;2024;;;
173;ESCOLA MUNICIPAL PROFº CHESTER KOCHANSKI- LABORATÓRIO DE TECNOLOGIA EDUCACIONAL;PREFEITURA MUNICIPAL DE GUARAPUAVA;GUARAPUAVA;Espaço Maker;2024;;;
174;ESCOLA MUNICIPAL RAUL HENRIQUE LUPATTELLI - LABORATÓRIO DE TECNOLOGIA EDUCACIONAL;PREFEITURA MUNICIPAL DE GUARAPUAVA;GUARAPUAVA;Espaço Maker;2024;;;
175;ESCOLA MUNICIPAL SÃO JOSÉ- LABORATÓRIO DE TECNOLOGIA EDUCACIONAL;PREFEITURA MUNICIPAL DE GUARAPUAVA;GUARAPUAVA;Espaço Maker;2024;;;
176;ESCOLA MUNICIPAL SÃO PEDRO - LABORATÓRIO DE TECNOLOGIA EDUCACIONAL;PREFEITURA MUNICIPAL DE GUARAPUAVA;GUARAPUAVA;Espaço Maker;2024;;;
177;ESCOLA PROFESSORA CARLITA GUIMARÃES PUPO - LABORATÓRIO DE TECNOLOGIA EDUCACIONAL;PREFEITURA MUNICIPAL DE GUARAPUAVA;GUARAPUAVA;Espaço Maker;2024;;;
178;ESCOLA RURAL MUNICIPAL DOMINGOS DE MORAES - LABORATÓRIO DE TECNOLOGIA EDUCACIONAL;PREFEITURA MUNICIPAL DE GUARAPUAVA;GUARAPUAVA;Espaço Maker;2024;;;
179;ESCOLA SEBASTIÃO CLARO DE QUADROS - LABORATÓRIO DE TECNOLOGIA EDUCACIONAL;PREFEITURA MUNICIPAL DE GUARAPUAVA;GUARAPUAVA;Espaço Maker;2024;;;
180;ESPAÇO CMAKER;FÁBIO GARCEZ BETTIO;CURITIBA;Espaço Maker;2024;;;
181;ESPAÇO MAKER - CAMPO REAL - CAMPUS GUARAPUAVA;REAL IPEX - INSTITUTO DE PESQUISA E EXTENSÃO CAMPO REAL;GUARAPUAVA;Espaço Maker;2024;;;
182;ESPAÇO MAKER - CAMPO REAL – CAMPUS IRATI;REAL IPEX - INSTITUTO DE PESQUISA E EXTENSÃO CAMPO REAL;IRATI;Espaço Maker;2024;;;
183;ESPAÇO MAKER - COLÉGIO PROFESSORA DULCE MASCHIO;SECRETARIA DE ESTADO DA EDUCAÇÃO E DO ESPORTE DO PARANÁ;GUARAPUAVA;Espaço Maker;2024;;;
184;ESPAÇO MAKER - CRIAR;FUNDAÇÃO PARA O DESENVOLVIMENTO CIENTÍFICO E TECNOLÓGICO;CASCAVEL;Espaço Maker;2024;;;
185;ESPAÇO MAKER DA SPRINT INCUBADORA DA UTFPR APUCARANA;UTFPR - APUCARANA;APUCARANA;Espaço Maker;2024;;;
186;ESPAÇO MAKER ECOHUB - LONDRINA;CENTRO DE ESTUDOS SUPERIORES POSITIVO LTDA;LONDRINA;Espaço Maker;2024;;;
187;ESPAÇO MAKER NPCSA-MCRONDON;UNIOESTE;MARECHAL CÂNDIDO RONDON;Espaço Maker;2024;;;
188;ESPAÇO MAKER TECHNOPARK UMUARAMA;PREFEITURA MUNICIPAL DE UMUARAMA;UMUARAMA;Espaço Maker;2024;;;
189;ESPAÇO MAKER TURVO;PREFEITURA MUNICIPAL DE TURVO;TURVO;Espaço Maker;2024;;;
190;ESPAÇO MAKER UFPR - SEÇÃO DE IMPRENSA UNIVERSITÁRIA DA UFPR;UNIVERSIDADES FEDERAL DO PARANÁ;PIRAQUARA;Espaço Maker;2024;;;
191;FABLAB-UTFPR-FRANCISCO BELTRÃO;UNIVERSIDADE TECNOLÓGICA FEDERAL DO PARANÁ (UTFPR);FRANCISCO BELTRÃO;Espaço Maker;2024;;;
192;IFMAKER CAIUÁ DO IFPR - CAMPUS PARANAVAÍ;INSTITUTO FEDERAL DE EDUCAÇÃO, CIÊNCIA E TECNOLOGIA DO PARANÁ – CAMPUS PARANAVAÍ;PARANAVAÍ;Espaço Maker;2024;;;
193;INDUSLAB;INDUSBELLO - IND. E COM. DE PRODUTOS MÉDICOS E ODONTOLÓGICOS;LONDRINA;Espaço Maker;2024;;;
194;LAB GSA - LABORATÓRIO DO GRUPO DE SISTEMAS AUTOMOTIVOS DA UTFPR CAMPUS PONTA GROSSA;UTFPR - CAMPUS PONTA GROSSA;PONTA GROSSA;Espaço Maker;2024;;;
195;LABMAKER - UNESPAR - UNIÃO DA VITÓRIA;UNESPAR – UNIVERSIDADE ESTADUAL DO PARANÁ;UNIÃO DA VITÓRIA;Espaço Maker;2024;;;
196;LABMAKER CONECTINOVA;UNIVERSIDADE ESTADUAL DE MARINGÁ;MARINGÁ;Espaço Maker;2024;;;
197;LABORATÓRIO DE ELETRIFICAÇÃO VEICULAR (LEV) DA UTFPR CAMPUS PONTA GROSSA;UNIVERSIDADE TECNOLÓGICA FEDERAL DO PARANÁ - UTFPR;PONTA GROSSA;Espaço Maker;2024;;;
198;LABORATÓRIO DE IDEIAS (LAB DE IDEIAS);AGÊNCIA DE INOVAÇÃO E DESENVOLVIMENTO DE PONTA GROSSA;PONTA GROSSA;Espaço Maker;2024;;;
199;LABORATÓRIO DE INOVAÇÕES TECNOLÓGICAS EM ZOOTECNIA LITEZ;UNIVERSIDADE FEDERAL DO PARANÁ;CURITIBA;Espaço Maker;2024;;;
200;LABORATÓRIO DE MANUFATURA ADITIVA;UNIVERSIDADE TECNOLÓGICA FEDERAL DO PARANÁ – CAMPUS TOLEDO;TOLEDO;Espaço Maker;2024;;;
201;LABORATÓRIO DE PESQUISA, INOVAÇÃO E TÉCNICA CIRÚRGICA BÁSICA PROF. DR. FRANCISCO PEREIRA SILVA;UNIVERSIDADE ESTADUAL DE LONDRINA (UEL);LONDRINA;Espaço Maker;2024;;;
202;LABORATÓRIO DE PROTOTIPAGEM BIOPARK;PARQUE CIENTIFICO E TECNOLÓGICO DE BIOCIÊNCIAS - BIOPARK;TOLEDO;Espaço Maker;2024;;;
203;LABORATÓRIO DE TECNOLOGIAS INTEGRADAS IP CONTROL - COLÉGIO LOBO;COLÉGIO LOBO;GUARAPUAVA;Espaço Maker;2024;;;
204;LABORATÓRIO MAKER DO IFPR - CAMPUS PITANGA;INSTITUTO FEDERAL DO PARANÁ - CAMPUS PITANGA;PITANGA;Espaço Maker;2024;;;
205;LABORATÓRIO MAKER DO IFPR CORONEL VIVIDA;INSTITUTO FEDERAL DO PARANÁ;CORONEL VIVIDA;Espaço Maker;2024;;;
206;LABORATORIES MAKER IFPR TELÊMACO BORBA (LAB MAKER IFPRTB);INSTITUTO FEDERAL DO PARANÁ;TELÊMACO BORBA;Espaço Maker;2024;;;
207;NÚCLEO DE INOVAÇÃO E EMPREENDEDORISMO FACULDADES PEQUENO PRÍNCIPE;ASSOCIAÇÃO HOSPITALAR DE PROTEÇÃO À INFÂNCIA DR. RAUL CARNEIRO;CURITIBA;Espaço Maker;2024;;;
208;NÚCLEO DE PESQUISA E TREINAMENTO EM TECNOLOGIAS ABERTAS (NUTAB);PREFEITURA MUNICIPAL DE FRANCISCO BELTRÃO;FRANCISCO BELTRÃO;Espaço Maker;2024;;;
209;PELOTÃO ESPERANÇA;ASSOCIAÇÃO DOS AMIGOS DO GRUPO E DO PELOTÃO ESPERANÇA;GUARAPUAVA;Espaço Maker;2024;;;
210;PROTOS MAKERSPACE;UNIVERSIDADE TECNOLÓGICA FEDERAL DO PARANÁ - UTFPR, CAMPUS PONTA GROSSA;PONTA GROSSA;Espaço Maker;2024;;;
211;REDE FABLAB POSITIVO;POSITIVO EDUCACIONAL LTDA. – POSITIVO EDUCACIONAL JÚNIOR;CURITIBA;Espaço Maker;2024;;;
212;TECHLAB ESPAÇO MAKER;INSTITUTO FILADÉLFIA DE LONDRINA;LONDRINA;Espaço Maker;2024;;;
213;XICOR.IA - ESPAÇO MAKER;MERCADOMOVEIS LTDA - LOJAS MM;PONTA GROSSA;Espaço Maker;2024;;;
214;LAC - ESCOLA MUNICIPAL EGDAR ZANONI;PREFEITURA MUNICIPAL DE PONTA GROSSA;PONTA GROSSA;Espaço Maker;2024;;;
215;LAC - ESCOLA MUNICIPAL DOUTOR CARLOS RIBEIRO DE MACEDO;PREFEITURA MUNICIPAL DE PONTA GROSSA;PONTA GROSSA;Espaço Maker;2024;;;
216;LAC - ESCOLA MUNICIPAL DOUTOR OTHON MADER;PREFEITURA MUNICIPAL DE PONTA GROSSA;PONTA GROSSA;Espaço Maker;2024;;;
217;LAC - ESCOLA MUNICIPAL MARIA LAURA PEREIRA;PREFEITURA MUNICIPAL DE PONTA GROSSA;PONTA GROSSA;Espaço Maker;2024;;;
218;LAC - ESCOLA MUL. DOUTOR EDGAR SPONHOLZ;PREFEITURA MUNICIPAL DE PONTA GROSSA;PONTA GROSSA;Espaço Maker;2024;;;
219;LAC - ESCOLA MUNICIPAL PREFEITO DOUTOR PLAUTO MIRÓ GUIMARÃES;PREFEITURA MUNICIPAL DE PONTA GROSSA;PONTA GROSSA;Espaço Maker;2024;;;
220;LAC - ESCOLA MUNICIPAL PREFEITO DOUTOR ELYSEU DE CAMPOS MELLO;PREFEITURA MUNICIPAL DE PONTA GROSSA;PONTA GROSSA;Espaço Maker;2024;;;
221;LAC - ESCOLA MUNICIPAL CATARINA MIRÓ;PREFEITURA MUNICIPAL DE PONTA GROSSA;PONTA GROSSA;Espaço Maker;2024;;;
222;LAC - ESCOLA MUNICIPAL DEPUTADO MÁRIO BRAGA RAMOS;PREFEITURA MUNICIPAL DE PONTA GROSSA;PONTA GROSSA;Espaço Maker;2024;;;
223;LAC - ESCOLA MUNICIPAL DR JOSÉ PINTO ROSAS;PREFEITURA MUNICIPAL DE PONTA GROSSA;PONTA GROSSA;Espaço Maker;2024;;;
224;LAC - ESCOLA MUNICIPAL GENERAL ALDO BONDE;PREFEITURA MUNICIPAL DE PONTA GROSSA;PONTA GROSSA;Espaço Maker;2024;;;
225;LAC - ESCOLA MUNICIPAL HUMBERTO CORDEIRO;PREFEITURA MUNICIPAL DE PONTA GROSSA;PONTA GROSSA;Espaço Maker;2024;;;
226;LAC - ESCOLA MUNICIPAL JOÃO MARIA CRUZ;PREFEITURA MUNICIPAL DE PONTA GROSSA;PONTA GROSSA;Espaço Maker;2024;;;
227;LAC - ESCOLA MUNICIPAL PASCOALINO PROVISIERO;PREFEITURA MUNICIPAL DE PONTA GROSSA;PONTA GROSSA;Espaço Maker;2024;;;
228;LAC - ESCOLA MUNICIPAL PREFEITO DOUTOR AMADEU PUPPI;PREFEITURA MUNICIPAL DE PONTA GROSSA;PONTA GROSSA;Espaço Maker;2024;;;
229;LAC - ESCOLA MUNICIPAL PREFEITO ERNESTO GUIMARÃES VILELA;PREFEITURA MUNICIPAL DE PONTA GROSSA;PONTA GROSSA;Espaço Maker;2024;;;
230;LAC - ESCOLA MUNICIPAL PREFEITO HEITOR DITZEL;PREFEITURA MUNICIPAL DE PONTA GROSSA;PONTA GROSSA;Espaço Maker;2024;;;
231;LAC - ESCOLA MUNICIPAL PROFESSOR FELÍCIO FRANCISQUINY;PREFEITURA MUNICIPAL DE PONTA GROSSA;PONTA GROSSA;Espaço Maker;2024;;;
232;LAC - ESCOLA MUNICIPAL PROFESSOR KAMAL TEBCHERANI;PREFEITURA MUNICIPAL DE PONTA GROSSA;PONTA GROSSA;Espaço Maker;2024;;;
233;LAC - ESCOLA MUNICIPAL PROFESSOR RUBENS EDGARD FURSTENBERGER;PREFEITURA MUNICIPAL DE PONTA GROSSA;PONTA GROSSA;Espaço Maker;2024;;;
234;LAC - ESCOLA MUNICIPAL PROFESSORA AGENORIDAS STADLER;PREFEITURA MUNICIPAL DE PONTA GROSSA;PONTA GROSSA;Espaço Maker;2024;;;
235;LAC - ESCOLA MUNICIPAL PROFESSORA ALDA DOS SANTOS REBONATO;PREFEITURA MUNICIPAL DE PONTA GROSSA;PONTA GROSSA;Espaço Maker;2024;;;
236;LAC - ESCOLA MUNICIPAL PROFESSORA ARMIDA FRARE GRÁCIA;PREFEITURA MUNICIPAL DE PONTA GROSSA;PONTA GROSSA;Espaço Maker;2024;;;
237;LAC - ESCOLA MUNICIPAL PROFESSORA KAZUKO INOUE;PREFEITURA MUNICIPAL DE PONTA GROSSA;PONTA GROSSA;Espaço Maker;2024;;;
238;LAC - ESCOLA MUNICIPAL PROFESSORA LUCIA PACHER EDUCAÇÃO INFANTIL E ENSINO FUNDAMENTAL;PREFEITURA MUNICIPAL DE PONTA GROSSA;PONTA GROSSA;Espaço Maker;2024;;;
239;LAC - ESCOLA MUNICIPAL PROFESSORA MARIA ANTONIA DE ANDRADE;PREFEITURA MUNICIPAL DE PONTA GROSSA;PONTA GROSSA;Espaço Maker;2024;;;
240;LAC - ESCOLA MUNICIPAL PROFESSORA MARIA ELVIRA JUSTUS SCHIMIDT;PREFEITURA MUNICIPAL DE PONTA GROSSA;PONTA GROSSA;Espaço Maker;2024;;;
241;LAC - ESCOLA MUNICIPAL PROFESSORA MARIA EULINA SANTOS SCHEENA;PREFEITURA MUNICIPAL DE PONTA GROSSA;PONTA GROSSA;Espaço Maker;2024;;;
242;LAC - ESCOLA MUNICIPAL PROFESSORA MINERVINA FRANÇA SCUDLARECK;PREFEITURA MUNICIPAL DE PONTA GROSSA;PONTA GROSSA;Espaço Maker;2024;;;
243;LAC - ESCOLA MUNICIPAL PROFESSORA OTÁCILIA HASSELMANN DE OLIVEIRA;PREFEITURA MUNICIPAL DE PONTA GROSSA;PONTA GROSSA;Espaço Maker;2024;;;
244;LAC - ESCOLA PREFEITO JOSÉ BONIFÁCIO;PREFEITURA MUNICIPAL DE PONTA GROSSA;PONTA GROSSA;Espaço Maker;2024;;;
245;LAC - ESCOLA PROFESSORA LOISE FOLTRAN DE LARA;PREFEITURA MUNICIPAL DE PONTA GROSSA;PONTA GROSSA;Espaço Maker;2024;;;
246;LAC - ESCOLA MUNICIPAL PROFESSORA ECLÉA DOS PASSOS HORN;PREFEITURA MUNICIPAL DE PONTA GROSSA;PONTA GROSSA;Espaço Maker;2024;;;
247;LAC- ESCOLA MUNICIPAL PREFEITO CORONEL CLÁUDIO GONÇALVES GUIMARÃES;PREFEITURA MUNICIPAL DE PONTA GROSSA;PONTA GROSSA;Espaço Maker;2024;;;
248;LAC- ESCOLA MUNICIPAL PROFESSOR IVON ZARDO;PREFEITURA MUNICIPAL DE PONTA GROSSA;PONTA GROSSA;Espaço Maker;2024;;;
249;LAC- ESCOLA MUNICIPAL PROFESSOR PAULO GROTT;PREFEITURA MUNICIPAL DE PONTA GROSSA;PONTA GROSSA;Espaço Maker;2024;;;
250;LAC- ESCOLA MUNICIPAL PROFESSOR SEBASTIÃO DOS SANTOS E SILVA;PREFEITURA MUNICIPAL DE PONTA GROSSA;PONTA GROSSA;Espaço Maker;2024;;;
251;LAC- ESCOLA MUNICIPAL PROFESSORA GUITIL FEDERMANN;PREFEITURA MUNICIPAL DE PONTA GROSSA;PONTA GROSSA;Espaço Maker;2024;;;
252;LAC- ESCOLA MUNICIPAL PROFESSORA RUTH HOLZMANN RIBAS;PREFEITURA MUNICIPAL DE PONTA GROSSA;PONTA GROSSA;Espaço Maker;2024;;;
253;LAC- ESCOLA MUNICIPAL PROFESSORA ZAHIRA CATTA PRETA MELLO;PREFEITURA MUNICIPAL DE PONTA GROSSA;PONTA GROSSA;Espaço Maker;2024;;;
254;LAC- ESCOLA MUNICIPAL PROFESSORA ZENEIDA FREITAS SCHNIRMANN;PREFEITURA MUNICIPAL DE PONTA GROSSA;PONTA GROSSA;Espaço Maker;2024;;;
255;LAC- ESCOLA MUNICIPAL VEREADOR ADELINO MACHADO DE OLIVEIRA;PREFEITURA MUNICIPAL DE PONTA GROSSA;PONTA GROSSA;Espaço Maker;2024;;;
256;LAC- ESECOLA MUNICIPAL OSNI VILACA MONGRUEL;PREFEITURA MUNICIPAL DE PONTA GROSSA;PONTA GROSSA;Espaço Maker;2024;;;
257;LAC-ESCOLA MUNICIPAL DOUTOR RAUL PINHEIRO MACHADO;PREFEITURA MUNICIPAL DE PONTA GROSSA;PONTA GROSSA;Espaço Maker;2024;;;
258;LAC-ESCOLA MUNICIPAL GUARACY PARANÁ VIEIRA;PREFEITURA MUNICIPAL DE PONTA GROSSA;PONTA GROSSA;Espaço Maker;2024;;;
259;LAC-ESCOLA MUNICIPAL PROF NELSON PEREIRA JORGE;PREFEITURA MUNICIPAL DE PONTA GROSSA;PONTA GROSSA;Espaço Maker;2024;;;
260;LAC-ESCOLA MUNICIPAL PROFESSOR FARIS ANTÔNIO MICHAELE;PREFEITURA MUNICIPAL DE PONTA GROSSA;PONTA GROSSA;Espaço Maker;2024;;;
261;LAC-ESCOLA MUNICIPAL PROFESSORA MARTA FILIPKOWSKI DE LIMA;PREFEITURA MUNICIPAL DE PONTA GROSSA;PONTA GROSSA;Espaço Maker;2024;;;
262;LAC-ESCOLA MUNICIPAL PROFESSORA SHIRLEY AGGI MOURA;PREFEITURA MUNICIPAL DE PONTA GROSSA;PONTA GROSSA;Espaço Maker;2024;;;
263;LAC-ESCOLA MUNICIPAL PROTÁZIO SCHEIFER;PREFEITURA MUNICIPAL DE PONTA GROSSA;PONTA GROSSA;Espaço Maker;2024;;;
264;ACICLABS HUB DE INOVAÇÃO SEPARTEC;ASSOCIAÇÃO COMERCIAL E INDUSTRIAL;CASCAVEL;Hub de inovação;2023;;;
265;CASA DO DESENVOLVEDOR;TECNOSPEED SA;MARINGÁ;Hub de inovação;2023;;;
266;CIKLO HUB DE INOVAÇÃO;"ASSOCIAÇÃO EMPRESARIAL DE FRANCISCO
BELTRÃO";FRANCISCO BELTRÃO;Hub de inovação;2023;;;
267;CIKLO2VIZINHOS;ASSOCIACAO EMPRESARIAL DE DOIS VIZINHOS;DOIS VIZINHOS;Hub de inovação;2023;;;
268;EDUCALNOVA HUB EDUCACIONAL;INSTITUTO DE EDUCAÇAO PARA O FUTURO;CAMPO MOURÃO;Hub de inovação;2023;;;
269;ELOSPACE HUB DE INOVAÇÃO;ELOSPACE;CURITIBA;Hub de inovação;2023;;;
270;EXOHUB CITA;"ASSOCIAÇÃO COMERCIAL E EMPRESARIAL DE FOZ
DO IGUAÇU";FOZ DO IGUAÇU;Hub de inovação;2023;;;
271;HABITAT SENAI CORPORAÇÕES;FIEP/SENAI;CURITIBA;Hub de inovação;2023;;;
272;HUB CONECTA APUCARANA;HUB CONECTA APUCARANA;APUCARANA;Hub de inovação;2023;;;
273;HUB CONNECT HEALTHTECH;SOCIEDADE MÉDICA DE MARINGÁ;MARINGÁ;Hub de inovação;2023;;;
274;HUB DE INOVAÇÃO +COOP;SENAI/PR;CURITIBA;Hub de inovação;2023;;;
275;HUB DE INOVAÇÃO DO TURISMO;"VISITE LONDRINA - CONVENTION & VISITORS
BUREAU";LONDRINA;Hub de inovação;2023;;;
276;HUB DE INOVAÇÃO FRONTEIRA;UNIVERSIDADE ESTADUAL DE MARINGÁ;MARINGÁ;Hub de inovação;2023;;;
277;HUB DE INTELIGÊNCIA ARTIFICIAL - SENAI PR;SENAI/PR;LONDRINA;Hub de inovação;2023;;;
278;HUB INOVACIG;"ASSOCIAÇÃO COMERCIAL E EMPRESARIAL DE
GUARAPUAVA";GUARAPUAVA;Hub de inovação;2023;;;
279;I9 CONECTA - HUB DE INOVAÇÃO;BRO8 COWORKING;ARAPONGAS;Hub de inovação;2023;;;
280;INOVEMM - HUB DE INOVAÇÃO DO ECOSSISTEMA DO ELETROMETALMECÂNICO;SINDIMETAL NORTE/PR;LONDRINA;Hub de inovação;2023;;;
281;LABORATÓRIO DE INOVAÇÃO JURÍDICA DO CURSO DE DIREITO DA PUCPR - CÂMPUS LONDRINA;PONTIFÍCIA UNIVERSIDADE CATÓLICA PUC/PR;LONDRINA;Hub de inovação;2023;;;
282;NEXO ESPAÇO DE NEGÓCIOS E COWORKING;NEXO GESTÃO EMPRESARIAL;TOLEDO;Hub de inovação;2023;;;
283;NÚCLEO DE EMPREENDEDORISMO, PESQUISA E INOVAÇÃO - NEPE;CENTRO UNIVESITARIO INTEGRADO;CAMPO MOURÃO;Hub de inovação;2023;;;
284;"NÚCLEO DE INOVAÇÃO E EXPERIMENTAÇÃO
AGRÍCOLA";"UNIVESIDADE FEDERAL DO PARANÁ - CAMPUS
JANDAIA";JANDAIA DO SUL;Hub de inovação;2023;;;
285;UNIHUB – USINA DE NEGÓCIOS INOVADORES;UNIHUB - CAMPUS CASCAVEL;CASCAVEL;Hub de inovação;2023;;;
286;ESPAÇO IMPULSO;COOPAVEL;CASCAVEL;Hub de inovação;2023;;;
287;3D CONNECT LTDA;3D CONNECT LTDA;IMBITUVA;Hub de inovação;2024;;;
288;ABRATIC HUB - HUB DE INOVAÇÃO DO ECOSSISTEMA DO TIC DE LONDRINA E REGIÃO;ABRATIC - ASSOCIAÇÃO BRASILEIRA DE TECNOLOGIA INOVAÇÃO E COMUNICAÇÃO;LONDRINA;Hub de inovação;2024;;;
289;ACIC HUB - HUB EE INOVAÇÃO DE CIANORTE;ASSOCIAÇÃO COMERCIAL E INDUSTRIAL DE CIANORTE;CIANORTE;Hub de inovação;2024;;;
290;ACIR - HUB DE INOVAÇÃO;ACIR - ASSOCIAÇÃO EMPRESARIAL DE ROLÂNDIA;ROLÂNDIA;Hub de inovação;2024;;;
291;AMTECH - AGÊNCIA MARINGÁ DE TECNOLOGIA E INOVAÇÃO;PREFEITURA MUNICIPAL DE MARINGÁ;MARINGÁ;Hub de inovação;2024;;;
292;BIO HEALTH HUB CURITIBA;INSTITUTO DE BIOLOGIA MOLECULAR DO PARANÁ (IBMP);CURITIBA;Hub de inovação;2024;;;
293;CAMBÉ INOVAHUB;PREFEITURA MUNICIPAL DE CAMBÉ - SECRETARIA MUNICIPAL DE DESENVOLVIMENTO ECONÔMICO;CAMBÉ;Hub de inovação;2024;;;
294;CARTÓRIO TECHHUB;CARTÓRIO CANZIANI - CARTÓRIO DE REGISTRO DE IMÓVEIS -2º OFICIO;LONDRINA;Hub de inovação;2024;;;
295;CONSTRUHUB: HUB DE INOVAÇÃO DA CONSTRUÇÃO CIVIL;SINDUSCON PARANÁ NORTE;LONDRINA;Hub de inovação;2024;;;
296;DB1 LABS;DB1 LABS LTDA.;MARINGÁ;Hub de inovação;2024;;;
297;E-CRIA HUB - HUB DE ECONOMIA CRIATIVA DE LONDRINA;ESPAÇO VILLA RICA LTDA.;LONDRINA;Hub de inovação;2024;;;
298;ESTAÇÃO HUB PONTA GROSSA;PREFEITURA MUNICIPAL DE PONTA GROSSA;PONTA GROSSA;Hub de inovação;2024;;;
299;HEAD STARTUP SCHOOL - HUB EDUCACIONAL AVANÇADO DECOLA STARTUP SCHOOL;DECOLA STARTUP SCHOOL LTDA.;LONDRINA;Hub de inovação;2024;;;
300;HELLO WORLD - HUB DE INOVAÇÃO;VCX INVESTIMENTOS;ARAPONGAS;Hub de inovação;2024;;;
301;HUB ACIL DE INOVAÇÃO;ASSOCIAÇÃO COMERCIAL E INDUSTRIAL DE LONDRINA - ACIL;LONDRINA;Hub de inovação;2024;;;
302;HUB DE BIOINFORMÁTICA PARANÁ;ASSOCIAÇÃO DAS EMPRESAS BRASILEIRAS DE TECNOLOGIA DA INFORMAÇÃO – ASSESPRO REGIONAL PARANÁ;GUARAPUAVA;Hub de inovação;2024;;;
303;HUB DE INOVAÇÃO - FIOCRUZ PARANÁ - INSTITUTO CARLOS CHAGAS (ICC) - FIOCRUZ PARANÁ;INSTITUTO CARLOS CHAGAS (ICC) - FIOCRUZ PARANÁ;CURITIBA;Hub de inovação;2024;;;
304;HUB DE INOVAÇÃO AGRITECH SYMBIOSIS;UNIOESTE;TOLEDO;Hub de inovação;2024;;;
305;HUB DE INOVAÇÃO APLICAÇÕES TECNOLÓGICAS DE PRODUTOS NATURAIS - ATPN;UNIVERSIDADE ESTADUAL DE MARINGÁ;UMUARAMA;Hub de inovação;2024;;;
306;HUB DE INOVAÇÃO CONECTA/ISCAL;IRMANDADE DA SANTA CASA DE LONDRINA;LONDRINA;Hub de inovação;2024;;;
307;HUB DE INOVAÇÃO DA INBIX;INBIX VENTURES S.A;PONTA GROSSA;Hub de inovação;2024;;;
308;HUB DE INOVAÇÃO GRALHA AZUL;POLO DIGITAL GRALHA AZUL (ASSOCIAÇÃO DE FOMENTO TECNOLÓGICO DA REGIÃO CENTRO-LESTE PARANAENSE);TELÊMACO BORBA;Hub de inovação;2024;;;
309;HUB DE INOVAÇÃO MÓVEISHUB;SIMA - SINDICATO DA INDÚSTRIA MOVELEIRA DE ARAPONGAS;ARAPONGAS;Hub de inovação;2024;;;
310;HUB DE INOVAÇÃO PARA COMPETITIVIDADE GLOBAL;ASSOCIAÇÃO DAS EMPRESAS BRASILEIRAS DE TECNOLOGIA DA INFORMAÇÃO – ASSESPRO REGIONAL PARANÁ;CURITIBA;Hub de inovação;2024;;;
311;HUB DE SAÚDE DA AML;ASSOCIAÇÃO MÉDICA DE LONDRINA;LONDRINA;Hub de inovação;2024;;;
312;HUB HOTMILK;ASSOCIAÇÃO PARANAENSE DE CULTURA - APC;CURITIBA;Hub de inovação;2024;;;
313;HUB INOVAAGRO AGRITECH;SOCIEDADE RURAL DE MARINGÁ;MARINGÁ;Hub de inovação;2024;;;
314;HUB INOVAMETAL;SINDICATO DAS INDÚSTRIAS METALÚRGICAS, MECÂNICAS E DE MATERIAL ELÉTRICO DE MARINGÁ - SINDIMETAL MARINGÁ;MARINGÁ;Hub de inovação;2024;;;
315;HUB INOVATEC UTFPR DE AGRIFAMILIAR & DIGITAL;UTFPR-PB;PATO BRANCO;Hub de inovação;2024;;;
316;HUB IOT URBANNEXT;ASSOCIAÇÃO DAS EMPRESAS BRASILEIRAS DE TECNOLOGIA DA INFORMAÇÃO – ASSESPRO REGIONAL PARANÁ;CURITIBA;Hub de inovação;2024;;;
317;HUB MULHERES EM GOVTECH;ASSOCIAÇÃO HUB MULHERES EM GOVTECH;MARINGÁ;Hub de inovação;2024;;;
318;HUB SOFTEX PARANÁ;ASSOCIAÇÃO DAS EMPRESAS BRASILEIRAS DE TECNOLOGIA DA INFORMAÇÃO – ASSESPRO REGIONAL PARANÁ;CURITIBA;Hub de inovação;2024;;;
319;HUB VALLEY;I9 COMUNICAÇÃO E INOVAÇÃO;GUARAPUAVA;Hub de inovação;2024;;;
320;HUBI;ASSOCIAÇÃO COMERCIAL E EMPRESARIAL DE QUEDAS DO IGUAÇU - ACIQI;QUEDAS DO IGUAÇU;Hub de inovação;2024;;;
321;I.PRO;I PRO GESTÃO E TREINAMENTOS LTDA.;TOLEDO;Hub de inovação;2024;;;
322;IDEA 5;IDEA5;CAMPO MOURÃO;Hub de inovação;2024;;;
323;IDEIA HUB;ID AGÊNCIA LTDA.;ROLÂNDIA;Hub de inovação;2024;;;
324;IMPACT HUB CURITIBA;IMPACT HUB CURITIBA;CURITIBA;Hub de inovação;2024;;;
325;INDÚSTRIA CRIATIVA;INSTITUIÇÃO ADVENTISTA SUL BRASILEIRA DE EDUCAÇÃO;IVATUBA;Hub de inovação;2024;;;
326;INGÁ GAME START;INGÁ GAME START INOVA SIMPLES (I.S.);MARINGÁ;Hub de inovação;2024;;;
327;INOVA AGRO SUDOESTE DO PARANÁ;AGÊNCIA DE DESENVOLVIMENTO REGIONAL DO SUDOESTE DO PARANÁ;FRANCISCO BELTRÃO;Hub de inovação;2024;;;
328;INTEGROW;CEI - CENTRO EDUCACIONAL INTEGRADO LTDA.;CAMPO MOURÃO;Hub de inovação;2024;;;
329;LABORATÓRIO DE TECNOLOGIA AVANÇADO ANDRÉ LUIZ CAMARGO;INSTITUTO FEDERAL DO PARANÁ – IFPR – CAMPUS LONDRINA;LONDRINA;Hub de inovação;2024;;;
330;MENTECH - MENTORIA EM TECNOLOGIA E EDUCAÇÃO CRIATIVA;CÓDIGO KID ENSINO LTDA.;ROLÂNDIA;Hub de inovação;2024;;;
331;N3XT - HUB DE INOVAÇÃO & COWORKING;N3XT SERVIÇOS DE INTERNET LTDA.;LONDRINA;Hub de inovação;2024;;;
332;OPETLAB;INSTITUTO OPET;CURITIBA;Hub de inovação;2024;;;
333;PROGRAMA DE EXTENSÃO INOVAÇÃO E DESENVOLVIMENTO TERRITORIAL;UNIVERSIDADE FEDERAL DO PARANÁ;CURITIBA;Hub de inovação;2024;;;
334;THE BETS HEALTH - HUB DE INOVAÇÃO EM SAÚDE, MARKETING E NEGÓCIOS;THE BETS HEALTH - TREINAMENTOS, MARKETING, COMUNICAÇÃO E INOVAÇÃO LTDA.;CURITIBA;Hub de inovação;2024;;;
335;TOKEN ECONOMY HUB BLOCKCHAIN PARANÁ;TOKEN ECONOMY MARKETING E EVENTOS;CURITIBA;Hub de inovação;2024;;;
336;UMIPTT – UNIDADE MISTA DE PESQUISA E TRANSFERÊNCIA DE TECNOLOGIA – SUDOESTE DO PARANÁ;UTFPR/CAMPUS PATO BRANCO;FRANCISCO BELTRÃO;Hub de inovação;2024;;;
337;UNIFIL HEALTH TECH;INSTITUTO FILADÉLFIA DE LONDRINA - IFL;LONDRINA;Hub de inovação;2024;;;
338;INCUBADORA SANTOS DUMONT;PARQUE TECNOLÓGICO PTI;FOZ DO IGUAÇU;Incubadora;2023;;;
339;INCUBADORA SPRINT UTFPR APUCARANA;UTFPR CAMPUS APUCARANA;APUCARANA;Incubadora;2023;;;
340;AGENCIA DE INOVAÇÃO;PREFEITURA MUNICIPAL;IBIPORÃ;Incubadora;2023;;;
341;CENTRO INCUBADOR TECNOLOGICO;FUNDETEC;CASCAVEL;Incubadora;2023;;;
342;EVOLVE - INCUBADORA TECNOLÓGICA CENTRO UNIVERSITÁRIO CAMPO REAL;REAL IPEX INSTITUTO DE PESQUISA E EXTENSAO CAMPO REAL;GUARAPUAVA;Incubadora;2023;;;
343;FUNDAÇÃO EDUCERE DE CAMPO MOURÃO;FUNDAÇÃO EDUCERE;CAMPO MOURÃO;Incubadora;2023;;;
344;GRAPE TECH;PREFEITURA MUNICIPAL;COLOMBO;Incubadora;2023;;;
345;INCUBADORA DA UTFPR CAMPUS CAMPO MOURÃO;UTFPR CAMPUS CAMPO MOURÃO;CAMPO MOURÃO;Incubadora;2023;;;
346;INCUBADORA DE EMPRESAS DE BASE TECNOLÓGICA OU SOCIAL;INSTITUTO FEDERAL DO PARANÁ;TELÊMACO BORBA;Incubadora;2023;;;
347;INCUBADORA DE EMPRESAS DO IFPR - CAMPUS JACAREZINHO;IFPR CAMPUS JACAREZINHO;JACAREZINHO;Incubadora;2023;;;
348;INCUBADORA DE NEGÓCIOS IRATI - INETI;UNICENTRO;IRATI;Incubadora;2023;;;
349;INCUBADORA IFPR CAMPUS UNIÃO DA VITÓRIA;IFPR CAMPUS UNIÃO DA VITORIA;UNIÃO DA VITORIA;Incubadora;2023;;;
350;INCUBADORA INDIOS;SERGIO LUIZ WINKERT;FOZ DO IGUAÇU;Incubadora;2023;;;
351;INCUBADORA OUTBOX FAPI;OUTBOX FAPI;PINHAIS;Incubadora;2023;;;
352;INCUBADORA SOCIAL DA AGITEC UNESPAR;UNESPAR;PARANAGUÁ;Incubadora;2023;;;
353;INCUBADORA SOCIAL DA UNICENTRO;UNICENTRO;GUARAPUAVA;Incubadora;2023;;;
354;INCUBADORA SPRINT PONTA GROSSA;UTFPR - CAMPUS PONTA GROSSA;PONTA GROSSA;Incubadora;2023;;;
355;INCUBADORA SPRINT UTFPR PATO BRANCO;UTFPR CAMPUS PATO BRANCO;PATO BRANCO;Incubadora;2023;;;
356;INCUBADORA TECNOLÓGICA DA UFPR;UTFPR - CURITIBA;CURITIBA;Incubadora;2023;;;
357;INCUBADORA TECNOLÓGICA DE MARINGÁ;INCUBADORA TECNOLÓGICA DE MARINGÁ;MARINGÁ;Incubadora;2023;;;
358;INCUBADORA TECNOLÓGICA DO TECPAR;TECPAR;CURITIBA;Incubadora;2023;;;
359;INTECFB - INCUBADORA TECNOLÓGICA DE FRANCISCO BELTRÃO;FUNDAÇÃO CULTURAL, EDUCACIONAL E TECNOLÓGICA DE FRANCISCO BELTRÃO – TECXEL;FRANCISCO BELTRÃO;Incubadora;2023;;;
360;INTEG UNICENTRO;UNICENTRO;GUARAPUAVA;Incubadora;2023;;;
361;INTUEL;UNIVERSIDADE ESTADUAL DE LONDRINA;LONDRINA;Incubadora;2023;;;
362;PRÉ-INCUBADORA CLM;UENP;ITAMBARACÁ;Incubadora;2023;;;
363;PROGRAMAS PARA EMPRESAS - BIOPARK;BIOPARK;TOLEDO;Incubadora;2023;;;
364;SPRINT - INCUBADORA DA UTFPR;UFPR CAMPUS TOLEDO;TOLEDO;Incubadora;2023;;;
365;"SPRINT - INCUBADORA DA UTFPR - CAMPUS
LONDRINA";UFPR CAMPUS LONDRINA;LONDRINA;Incubadora;2023;;;
366;SPRINT - INCUBADORA DA UTFPR CAMPUS MEDIANEIRA;UTFPR - CAMPUS MEDIANEIRA;MEDIANEIRA;Incubadora;2023;;;
367;SPRINT - INCUBADORA DA UTFPR CAMPUS SANTA HELENA;UTFPR - CAMPUS SANTA HELENA;SANTA HELENA;Incubadora;2023;;;
368;SPRINT - INCUBADORA DA UTFPR CORNÉLIO PROCÓPIO NÍVEL 1 E NÍVEL 2;UTFPR CAMPUS CORNÉLIO PROCÓPIO;CORNÉLIO PROCÓPIO;Incubadora;2023;;;
369;SPRINT - INCUBADORA DA UTFPR GUARAPUAVA;UTFPR CAMPUS GUARAPUAVA;GUARAPUAVA;Incubadora;2023;;;
370;SPRINT - INCUBADORA TECNOLÓGICA;UTFPR - CURITIBA;CURITIBA;Incubadora;2023;;;
371;SPRINT INCUBADORA DA UTFPR DOIS VIZINHOS;UTFPR CAMPUS DOIS VIZINHOS;DOIS VIZINHOS;Incubadora;2023;;;
372;"SPRINT INCUBADORA DA UTFPR FRANCISCO
BELTRÃO";UTFPR;DOIS VIZINHOS;Incubadora;2023;;;
373;SUDOTEC;"ASSOCIAÇÃO PARA O DESENVOLVIMENTO TECNOLÓGICO E INDUSTRIAL DO SUDOESTE DO
PARANÁ";DOIS VIZINHOS;Incubadora;2023;;;
374;UNIFIL INCUBADORA DE STARTUPS;INSTITUTO FILADÉLFIA DE LONDRINA;LONDRINA;Incubadora;2023;;;
375;UNIHUB CAMPUS TOLEDO;UNIOESTE - CAMPUS TOLEDO;TOLEDO;Incubadora;2023;;;
376;ACICLABS;ASSOCIAÇÃO COMERCIAL E INDUSTRIAL DE CASCAVEL;CASCAVEL;Incubadora;2024;;;
377;CENTRO DE EMPREENDEDORISMO INOVADOR DE REALEZA - CER;PREFEITURA MUNICIPAL DE REALEZA;REALEZA;Incubadora;2024;;;
378;GUAIRACÁLAB;SESG - SOCIEDADE DE EDUCAÇÃO SUPERIOR GUAIRACÁ LTDA.;GUARAPUAVA;Incubadora;2024;;;
379;HUBI;ASSOCIAÇÃO COMERCIAL E EMPRESARIAL DE QUEDAS DO IGUAÇU - ACIQI;QUEDAS DO IGUAÇU;Incubadora;2024;;;
380;INCUBADORA DE EMPRESAS DO IFPR CAMPUS PINHAIS;INSTITUTO FEDERAL DO PARANÁ;PINHAIS;Incubadora;2024;;;
381;INCUBADORA DE PALMAS IFPR/PMP;INSTITUTO FEDERAL DO PARANÁ - CAMPUS PALMAS;PALMAS;Incubadora;2024;;;
382;INCUBADORA DE PROJETOS TECNOLÓGICOS (INPROTEC);UNIVERSIDADE ESTADUAL DE PONTA GROSSA;PONTA GROSSA;Incubadora;2024;;;
383;INCUBADORA MUNICIPAL DE CAMPO LARGO;PREFEITURA MUCICIPAL DE CAMPO LARGO;CAMPO LARGO;Incubadora;2024;;;
384;INCUBADORA TECHNOPARK - UMUARAMA;PREFEITURA MUNICIPAL DE UMUARAMA;UMUARAMA;Incubadora;2024;;;
385;INCUBADORA TECNOLÓGICA DE IVAIPORÃ - POLO AGROTECH;PREFEITURA MUNICIPAL IVAIPORÃ;IVAIPORÃ;Incubadora;2024;;;
386;INCUBADORA TECNOLÓGICA DO IFPR CAMPUS ASTORGA;INSTITUTO FEDERAL DO PARANÁ - CAMPUS ASTORGA;ASTORGA;Incubadora;2024;;;
387;INOVA CAMBÉ;PREFEITURA MUNICIPAL DE CAMBÉ;CAMBÉ;Incubadora;2024;;;
388;ITECPB - INCUBADORA DE BASE TECNOLÓGICA DE PATO BRANCO;PREFEITURA MUNICIPAL DE PATO BRANCO;PATO BRANCO;Incubadora;2024;;;
389;ROLANTEC;PREFEITURA MUNICIPAL DE ROLÂNDIA;ROLÂNDIA;Incubadora;2024;;;
390;UNIHUB – MARECHAL CÂNDIDO RONDON;UNIVERSIDADE DO OESTE DE PARANÁ - UNIOESTE;MARECHAL CÂNDIDO RONDON;Incubadora;2024;;;
391;INOVUS;ASSOCIACAO COMERCIAL E EMPRESARIAL DE MARINGÁ;MARINGÁ;Pré-incubadora;2023;;;
392;AGITEC UNESPAR - Hotel Tecnológico;UNESPAR;CAMPO MOURÃO;Pré-incubadora;2023;;;
393;AGROI9 INCUBADORA;AGROI9 INCUBADOR;CAMPO MOURÃO;Pré-incubadora;2023;;;
394;CONSTRUHUB;SINDUSCON/NORTE;LONDRINA;Pré-incubadora;2023;;;
395;ECOHUB - PRÉ-INCUBADORA;UNIVERSIDADE POSITIVO;CURITIBA;Pré-incubadora;2023;;;
396;ESPAÇO UNIFATECIE DE INOVAÇÃO;CENTRO UNIVERSITÁRIO UNIFATECIE;PARANAVAÍ;Pré-incubadora;2023;;;
397;IDAÍ? - PRÉ-INCUBADORA DO UNIDEP;CETNRO UNIVERSITÁRIO DE PATO BRANO;PATO BRANCO;Pré-incubadora;2023;;;
398;IDEALIZE: PRÉ-INCUBADORA DE IDEAÇÃO E DESENVOLVIMENTO DE NOVOS NEGÓCIOS DA UFPR EM JANDAIA DO SUL;UTFPR CAMPUS JANDAIA DO SUL;JANDAIA DO SUL;Pré-incubadora;2023;;;
399;"INCUBADORA DE DESENVOLVIMENTO EMPRESARIAL COM INOVAÇÃO APLICADA – UENP
CCP";UENP;CORNÉLIO PROCÓPIO;Pré-incubadora;2023;;;
400;INCUBADORA DE NEGÓCIOS DE IMPACTO DO IFPR;IFPR - CAMPUS PARANAGUÁ;PARANAGUÁ;Pré-incubadora;2023;;;
401;INTECFB - INCUBADORA TECNOLÓGICA DE FRANCISCO BELTRÃO;FUNDAÇÃO CULTURAL, EDUCACIONAL E TECNOLÓGICA DE FRANCISCO BELTRÃO – TECXEL;FRANCISCO BELTRÃO;Pré-incubadora;2023;;;
402;MÓVEIS HUB;"SINDICATO DAS INDÚSTRIAS DE MÓVEIS DE
ARAPONGAS";ARAPONGAS;Pré-incubadora;2023;;;
403;PRÉ-INCUBAÇÃO JOIAS DO AGRONEGÓCIO;PREFEITURA MUNICIPAL;"SANTO ANTÔNIO DA
PLATINA";Pré-incubadora;2023;;;
404;PRÉ-INCUBADORA DA UFPR;UNIVERSIDADE FEDERAL DO PARANÁ;CURITIBA;Pré-incubadora;2023;;;
405;PRÉ-INCUBADORA ECOAR - ECOSSISTEMA DE INOVAÇÃO DE ARAUCÁRIA;PREFEITURA DO MUNICÍPIO DE ARAUCÁRIA;ARAUCÁRIA;Pré-incubadora;2023;;;
406;PRÉ-INCUBADORA NIT - FACULDADE UMFG CIANORTE-PR;FACULDADE UMFG;CIANORTE;Pré-incubadora;2023;;;
407;PRÉ-INCUBADORA OUTBOX FAPI;OUTBOX FAPI;PINHAIS;Pré-incubadora;2023;;;
408;SMART SPACE;CENTRO UNIVERSITÁRIO CIDADE VERDE;MARINGÁ;Pré-incubadora;2023;;;
409;SPEEDLAB - CREDENCIAMENTO DE AMBIENTES PROMOTORES DE INOVAÇÃO;TECNOSPEED SA;MARINGÁ;Pré-incubadora;2023;;;
410;SPRINT - INCUBADORA DA UTFPR CORNÉLIO PROCÓPIO NÍVEL 1 E NÍVEL 2;UTFPR - CAMPUS CORNÉLIO PROCÓPIO;CORNÉLIO PROCÓPIO;Pré-incubadora;2023;;;
411;TRAMPOLIM PRÉ-INCUBADORA;TRANPOLIM PRE-INCUBADORA;ARAPONGAS;Pré-incubadora;2023;;;
412;UNIHUB CAMPUS FOZ DO IGUAÇU;UNIOESTE CAMPUS FOZ IGUAÇU;FOZ DO IGUAÇU;Pré-incubadora;2023;;;
413;ACICLABS;ASSOCIAÇÃO COMERCIAL E INDUSTRIAL DE CASCAVEL;CASCAVEL;Pré-incubadora;2024;;;
414;ASSOCIAÇÃO PARA O DESENVOLVIMENTO TECNOLÓGICO E INDUSTRIAL DO SUDOESTE DO PARANÁ;PREFEITURA MUNICIPAL DE DOIS VIZINHOS;DOIS VIZINHOS;Pré-incubadora;2024;;;
415;CENTRO DE EDUCAÇÃO EMPREENDEDORA;UNIVERSIDADE ESTADUAL DE PONTA GROSSA;PONTA GROSSA;Pré-incubadora;2024;;;
416;CENTRO DE EMPREENDEDORISMO;UNIVERSIDADE TECNOLÓGICA FEDERAL DO PARANÁ - CAMPUS DE PATO BRANCO;PATO BRANCO;Pré-incubadora;2024;;;
417;CENTRO INCUBADOR TECNOLÓGICOS - CTI;FUNDAÇÃO PARA O DESENVOLVIMENTO CIENTÍFICO E TECNOLÓGICO - FUNDETEC;CASCAVEL;Pré-incubadora;2024;;;
418;ENGLAB;INSTITUTO FEDERAL DO PARANÁ - CAMPUS PALMA;LONDRINA;Pré-incubadora;2024;;;
419;EVOLVE - PRÉ-INCUBADORA TECNOLÓGICA CAMPO REAL - CAMPUS GUARAPUAVA;REAL IPEX - INSTITUTO DE PESQUISA E EXTENSÃO CAMPO REAL;GUARAPUAVA;Pré-incubadora;2024;;;
420;EVOLVE - PRÉ-INCUBADORA TECNOLÓGICA CENTRO UNIVERSITÁRIO CAMPO REAL - CAMPUS IRATI;REAL IPEX - INSTITUTO DE PESQUISA E EXTENSÃO CAMPO REAL;IRATI;Pré-incubadora;2024;;;
421;FACCAR LAB;ASSOCIAÇÃO ROLANDENSE DE ENSINO E CULTURA - AREC;ROLÂNDIA;Pré-incubadora;2024;;;
422;FACULDADE DE EDUCAÇÃO SUPERIOR DO PARANÁ (FESPPR);FACULDADE DE EDUCAÇÃO SUPERIOR DO PARANÁ (FESPPR);CURITIBA;Pré-incubadora;2024;;;
423;HOTMILK - ECOSSISTEMA DE INOVAÇÃO DA PUCPR CAMPUS LONDRINA;APC - ASSOCIAÇÃO PARANAENSE DE CULTURA - PUCPR- CAMPUS LONDRINA;LONDRINA;Pré-incubadora;2024;;;
424;HUBI;ASSOCIAÇÃO COMERCIAL E EMPRESARIAL DE QUEDAS DO IGUAÇU - ACIQI;QUEDAS DO IGUAÇU;Pré-incubadora;2024;;;
425;INCUBADORA DE POLÍTICAS PÚBLICAS DO SUDOESTE DO PARANÁ;UNIVERSIDADE FEDERAL DA FRONTEIRA SUL - UFFS;REALEZA;Pré-incubadora;2024;;;
426;INSTITUTO CALVARY IMPACT HUB;INSTITUTO CALVARY IMPACT HUB;CAMPO MOURÃO;Pré-incubadora;2024;;;
427;NITES/CEM - NÚCLEO DE INOVAÇÃO TECNOLÓGICA E EMPREENDEDORISMO SUSTENTÁVEL DO CENTRO DE ESTUDOS DO MAR;UNIVERSIDADE FEDERAL DO PARANÁ;PONTAL DO PARANÁ;Pré-incubadora;2024;;;
428;NÚCLEO DE INOVAÇÃO E EMPREENDEDORISMO FACULDADES PEQUENO PRÍNCIPE - PRÉ-INCUBADORA;ASSOCIAÇÃO HOSPITALAR DE PROTEÇÃO À INFÂNCIA DR. RAUL CARNEIRO;CURITIBA;Pré-incubadora;2024;;;
429;PIINC - PRÉ INCUBADORA DE NEGÓCIOS DE CAMBARÁ;PREFEITURA MUNICIPAL DE CAMBARÁ;CAMBARÁ;Pré-incubadora;2024;;;
430;PRÉ INCUBADORA CONECTINOVA;UNIVERSIDADE ESTADUAL DE MARINGÁ;MARINGÁ;Pré-incubadora;2024;;;
431;PRÉ INCUBADORA FUNDAÇÃO EDUCERE;FUNDAÇÃO EDUCERE DE CAMPO MOURÃO;CAMPO MOURÃO;Pré-incubadora;2024;;;
432;PRÉ INCUBADORA POSITIVO LONDRINA;POSITIVO EDUCACIONAL LTDA. - LONDRINA;LONDRINA;Pré-incubadora;2024;;;
433;PRÉ-INCUBAÇÃO BIOPARK;PARQUE CIENTIFICO E TECNOLÓGICO DE BIOCIÊNCIAS - BIOPARK;TOLEDO;Pré-incubadora;2024;;;
434;PRÉ-INCUBADORA - FIOCRUZ PARANÁ;INSTITUTO CARLOS CHAGAS - FIOCRUZ PARANÁ;CURITIBA;Pré-incubadora;2024;;;
435;PRÉ-INCUBADORA CENTRO DE EMPREENDEDORISMO UFPR SETOR PALOTINA;UNIVERSIDADE FEDERAL DO PARANÁ;PALOTINA;Pré-incubadora;2024;;;
436;PRÉ-INCUBADORA ECOHUB - LONDRINA;CENTRO DE ESTUDOS SUPERIORES POSITIVO LTDA.;LONDRINA;Pré-incubadora;2024;;;
437;PRÉ-INCUBADORA IDEAÇÃO;UNIVERSIDADE FEDERAL DO PARANÁ;MATINHOS;Pré-incubadora;2024;;;
438;PRÉ-INCUBADORA INOVA ANHANGUERA - PIIN;UNIVERSIDADE PITAGORAS UNOPAR ANHAGUERA;LONDRINA;Pré-incubadora;2024;;;
439;PRÉ-INCUBADORA ON DEMAND ACADEMY (OD ACADEMY);ON DEMAND ACADEMY – PERRE MURAKAWA LTDA.;LONDRINA;Pré-incubadora;2024;;;
440;PRÉ-INCUBADORA SPRINT-PG DA UTFPR CAMPUS PONTA GROSSA;UNIVERSIDADE TECNOLÓGICA FEDERAL DO PARANÁ - CAMPUS PONTA GROSSA;PONTA GROSSA;Pré-incubadora;2024;;;
441;PRÉ-SPRINT CURITIBA;UNIVERSIDADE TECNOLÓGICA FEDERAL DO PARANÁ - CAMPUS CURITIBA;CURITIBA;Pré-incubadora;2024;;;
442;SPINE – ESPAÇO POLITÉCNICA DE INOVAÇÃO & EMPREENDEDORISMO DA PONTIFÍCIA UNIVERSIDADE CATÓLICA DO PARANÁ;ASSOCIAÇÃO PARANAENSE DE CULTURA - PUCPR;CURITIBA;Pré-incubadora;2024;;;
443;SPRINT - INCUBADORA DA UTFPR LONDRINA;UNIVERSIDADE TECNOLÓGICA FEDERAL DO PARANÁ - CAMPUS LONDRINA;LONDRINA;Pré-incubadora;2024;;;
444;SPRINT - INCUBADORA DE INOVAÇÕES TECNOLÓGICAS DA UTFPR - CAMPUS FRANCISCO BELTRÃO;UNIVERSIDADE TECNOLÓGICA FEDERAL DO PARANÁ - CAMPUS FRANCISCO BELTRÃO;FRANCISCO BELTRÃO;Pré-incubadora;2024;;;
445;SPRINT - PRÉ - INCUBADORA DA UTFPR;UNIVERSIDADE TECNOLÓGICA FEDERAL DO PARANÁ - CAMPUS TOLEDO;TOLEDO;Pré-incubadora;2024;;;
446;SPRINT - PRÉ INCUBADORA DA UTFPR CAMPUS SANTA HELENA;UNIVERSIDADE TECNOLÓGICA FEDERAL DO PARANÁ - CAMPUS SANTA HELENA;SANTA HELENA;Pré-incubadora;2024;;;
447;SPRINT - PRÉ-INCUBADORA DA UTFPR APUCARANA;UNIVERSIDADE TECNOLÓGICO FEDERAL DO PARANÁ - CAMPUS APUCARANA;APUCARANA;Pré-incubadora;2024;;;
448;SPRINT - PRÉ-INCUBADORA DA UTFPR CAMPUS CAMPO MOURÃO;UNIVERSIDADE TECNOLÓGICA FEDERAL DO PARANÁ - CAMPUS CAMPO MOURÃO;CAMPO MOURÃO;Pré-incubadora;2024;;;
449;SPRINT - PRÉ-INCUBADORA DA UTFPR CAMPUS MEDIANEIRA;UNIVERSIDADE TECNOLÓGICA FEDERAL DO PARANÁ - CAMPUS MEDIANEIRA;MEDIANEIRA;Pré-incubadora;2024;;;
450;SPRINT - PRÉ-INCUBADORA DA UTFPR GUARAPUAVA.;UNIVERSIDADE TECNOLÓGICA FEDERAL DO PARANÁ - CAMPUS GUARAPUAVA;GUARAPUAVA;Pré-incubadora;2024;;;
451;SPRINT-PB - PRÉ-INCUBADORA DA UTFPR PATO BRANCO;UNIVERSIDADE TECNOLÓGICA FEDERAL DO PR – UTFPR, CAMPUS PB.;PATO BRANCO;Pré-incubadora;2024;;;
452;THE BETS HEALTH;THE BETS HEALTH - HUB DE INOVAÇÃO EM SAÚDE, MARKETING E NEGÓCIOS;CURITIBA;Pré-incubadora;2024;;;
453;WORKTIBA;AGENCIA CURITIBA DE DESENVOLVIMENTO E INOVAÇÃO S/A;CURITIBA;Pré-incubadora;2024;;;
454;"ECOHUB - PARQUE TECNOLÓGICO EM
IMPLANTAÇÃO";CENTRO DE ESTUDOS SUPERIORES  POSITIVO LTDA;CURITIBA;Parque Tecnológico em implantação;2023;;;
455;ENGENIUMPARK;SINDUSCON/AEAM;MARINGÁ;Parque Tecnológico em implantação;2023;;;
456;PARQUE CIENTÍFICO E TECNOLÓGICO DA UTFPR - CAMPUS CURITIBA - PCT-CT;UTFPR - CAMPUS CURITIBA;CURITIBA;Parque Tecnológico em implantação;2023;;;
457;"PARQUE CIENTÍFICO E TECNOLÓGICO DA UTFPR
CAMPUS MEDIANEIRA CIENTECH OESTE";UTFPR CAMPUS MEDIANEIRA;MEDIANEIRA;Parque Tecnológico em implantação;2023;;;
458;PARQUE DE CIÊNCIA E INOVAÇÃO UEM;UNIVERSIDADE ESTADUAL DE MARINGÁ;MARINGÁ;Parque Tecnológico em implantação;2023;;;
459;PARQUE ECOTECNOLÓGICO DE PONTA GROSSA - PROFESSOR SÉRGIO ESCORSIM;PREFEITURA MUNICIPAL;PONTA GROSSA;Parque Tecnológico em implantação;2023;;;
460;PARQUE TECNOLÓGICO DA INDÚSTRIA;SISTEMA FIEP/SENAI;CURITIBA;Parque Tecnológico em implantação;2023;;;
461;PARQUE TECNOLÓGICO FRANCISCO SCIARRA;INSTITUTO DE DESENVOLVIMENTO DE LONDRINA;LONDRINA;Parque Tecnológico em implantação;2023;;;
462;PARQUE TECNOLÓGICO REGIONAL DE UMUARAMA;PRFEITURA MUNICIPAL;UMUARAMA;Parque Tecnológico em implantação;2023;;;
463;PARQUE TECNOLOGICO SRP VALLEY;SOCIEDADE RURAL DO PARANÁ;LONDRINA;Parque Tecnológico em implantação;2023;;;
464;PISTA INNOVATION HUB;"PARQUE AUTODROMO EMPREENDIMENTOS
IMOBILIARIOS LTDA";CURITIBA;Parque Tecnológico em implantação;2023;;;
465;CENTRO DE INOVAÇÃO ISULPAR;CAEDRHS - ASSOCIAÇÃO DE ENSINO;PARANAGUÁ;Parque Tecnológico em implantação;2024;;;
466;BIOPARK;BIOPARK;TOLEDO;Parque Tecnológico em operação;2023;;;
467;CILLA TECH PARK;CILA TECH PARK;GUARAPUAVA;Parque Tecnológico em operação;2023;;;
468;HOTMILK;HOTMILK;CURITIBA;Parque Tecnológico em operação;2023;;;
469;MARINGÁTECH;MARINGÁTECH;MARINGÁ;Parque Tecnológico em operação;2023;;;
470;PARQUE DE AGROINOVAÇÃO FUNDETEC;PREFEITURA MUNICIPAL;CASCAVEL;Parque Tecnológico em operação;2023;;;
471;PARQUE TECNOLÓGICO DA SAÚDE;TECPAR;CURITIBA;Parque Tecnológico em operação;2023;;;
472;PARQUE TECNOLÓGICO DE ITAIPU -PTI;PARQUE TECNOLÓGICO PTI;FOZ DO IGUAÇU;Parque Tecnológico em operação;2023;;;
473;PARQUE TECNOLÓGICO DE PATO BRANCO;PREFEITURA MUNICIPAL;PATO BRANCO;Parque Tecnológico em operação;2023;;;
474;PARQUE TECNOLÓGICO EM BIOECONOMIA – SENAI TELÊMACO BORBA;SERVIÇO NACIONAL DE APRENDIZAGEM INDUSTRIAL – SENAI;TELÊMACO BORBA;Parque Tecnológico em operação;2024;;;
475;PARQUE TECNOLÓGICO DA INDÚSTRIA;FEDERAÇÃO DAS INDÚSTRIAS DO PARANÁ - FIEP;CURITIBA;Parque Tecnológico em operação;2024;;;
476;BIOTECH CENTER;PREFEITURA DO MUNICÍPIO DE ARAUCÁRIA;ARAUCARIA;Parque Tecnológico em planejamento;2023;;;
477;"ASSOCIAÇÃO PARA O DESENVOLVIMENTO TECNOLÓGICO E INDUSTRIAL DO SUDOESTE-
SUDOTEC";PREFEITURA MUNICIPAL;DOIS VIZINHOS;Parque Tecnológico em planejamento;2023;;;
478;PARQUE CIENTÍFICO E TECNOLÓGICO DA UNIVERSIDADE TECNOLÓGICA FEDERAL DO PARANÁ, CAMPUS CORNÉLIO PROCÓPIO;UTFPR CAMPUS CORNÉLIO PROCÓPIO;CORNÉLIO PROCÓPIO;Parque Tecnológico em planejamento;2023;;;
479;PARQUE CIENTÍFICO E TECNOLÓGICO DA UTFPR-LD;UTFPR CAMPUS LONDRIN;LONDRINA;Parque Tecnológico em planejamento;2023;;;
480;PARQUE CIENTÍFICO E TECNOLÓGICO EM ENERGIAS RENOVÁVEIS, TECNOLOGIAS EMERGENTES E MOVELEIROS (ERTEM);PREFEITURA MUNICIPAL DE ARAPONGAS;ARAPONGA;Parque Tecnológico em planejamento;2023;;;
481;"PARQUE DE AGROINOVAÇÃO DE PARANAVAÍ –
AGRO+I";PREFEITURA MUNICIPAL;PARANAVAÍ;Parque Tecnológico em planejamento;2023;;;
482;PARQUE TECNOLÓGICO DE CLEVELÂNDIA;PREFEITURA MUNICIPAL;CLEVELÂNDIA;Parque Tecnológico em planejamento;2023;;;
483;PARQUE TECNOLÓGICO DE JACAREZINHO;PREFEITURA MUNICIPAL;JACAREZINHO;Parque Tecnológico em planejamento;2023;;;
484;PARQUE TECNOLÓGICO SOFTWARE BY MARINGÁ;PREFEITURA MUNICIPAL;MARINGÁ;Parque Tecnológico em planejamento;2023;;;
485;PARQUE TECNOLÓGICO SUL DO PARANÁ - VALE DO IGUAÇU;PREFEITURA MUNICIPAL;UNIÃO DA VITORIA;Parque Tecnológico em planejamento;2023;;;
486;"SABER-TEC: RUMO À INOVAÇÃO E
SUSTENTABILIDADE";SOCIEDADE RURAL DA LAPA;LAPA;Parque Tecnológico em planejamento;2023;;;
487;PARQUE TECNOLÓGICO AGROLEITE;CASTROLANDA - COOPERATIVA AGROINDUSTRIAL LTDA;CASTRO;Parque Tecnológico em planejamento;2024;;;
488;PARQUE TECNOLÓGICO FAZENDA REFÚGIO;COMPANHIA DE HABITAÇÃO DE LONDRINA - COHAB - LD;LONDRINA;Parque Tecnológico em planejamento;2024;;;
489;PARQUE TECNOLÓGICO MINIGUAÇU DE FRANCISCO BELTRÃO;PREFEITURA MUNICIPAL DE FRANCISCO BELTRÃO;FRANCISCO BELTRÃO;Parque Tecnológico em planejamento;2024;;;
490;VILA TECH - PARQUE DE SOFTWARE DE CASCAVEL;FUNDAÇÃO PARA O DESENVOLVIMENTO CIENTÍFICO E TECNOLÓGICO;CASCAVEL;Parque Tecnológico em planejamento;2024;;;
